"","id_outbreak","Year","icd10n","icd103n","icd104n","icd10c","icd103c","icd104c","Disease","Definition","Country","iso2","iso3","unsd_region","unsd_subregion","who_region","DONs"
"1","2025AFGA000","2025","Intestinal infectious diseases","Cholera","Classical cholera","A00-A09","A00","A000","Cholera","Intestinal infection due to Vibrio cholerae","Afghanistan","AF","AFG","Asia","Southern Asia","Eastern Mediterranean Region","DON2928"
"2","2025AFGJ090","2025","Influenza and pneumonia","Influenza due to identified zoonotic or pandemic influenza virus","Influenza due to identified zoonotic or pandemic influenza virus","J09-J18","J09","J090","Influenza due to identified zoonotic or pandemic influenza virus","Influenza, caused by influenza virus strains of special epidemiological importance with an animal-human or inter-human transmission.","Afghanistan","AF","AFG","Asia","Southern Asia","Eastern Mediterranean Region","DON2938"
"3","2025AGOA000","2025","Intestinal infectious diseases","Cholera","Classical cholera","A00-A09","A00","A000","Cholera","Intestinal infection due to Vibrio cholerae","Angola","AO","AGO","Africa","Sub-Saharan Africa","African Region","DON2928, DON2912"
"4","2025ALBJ090","2025","Influenza and pneumonia","Influenza due to identified zoonotic or pandemic influenza virus","Influenza due to identified zoonotic or pandemic influenza virus","J09-J18","J09","J090","Influenza due to identified zoonotic or pandemic influenza virus","Influenza, caused by influenza virus strains of special epidemiological importance with an animal-human or inter-human transmission.","Albania","AL","ALB","Europe","Southern Europe","European Region","DON2938"
"5","2025ALBU071","2025","Provisional assignment of new diseases of uncertain etiology or emergency use","Emergency use of U07","COVID-19, virus identified","U00-U49","U07","U071","COVID-19","Infectious disease caused by the SARS-CoV-2 virus.","Albania","AL","ALB","Europe","Southern Europe","European Region","Coronavirus dashboard"
"6","2025AREB04","2025","Viral infections characterized by skin and mucous membrane lesions","Monkeypox","Monkeypox","B00-B09","B04","B04","Monkeypox","A disease caused by an infection with monkeypox virus. In the first phase, this disease is characterised by lymphadenopathy, fever, headache, or malaise","United Arab Emirates","AE","ARE","Asia","Western Asia","Eastern Mediterranean Region","DON2936"
"7","2025AREJ090","2025","Influenza and pneumonia","Influenza due to identified zoonotic or pandemic influenza virus","Influenza due to identified zoonotic or pandemic influenza virus","J09-J18","J09","J090","Influenza due to identified zoonotic or pandemic influenza virus","Influenza, caused by influenza virus strains of special epidemiological importance with an animal-human or inter-human transmission.","United Arab Emirates","AE","ARE","Asia","Western Asia","Eastern Mediterranean Region","DON2938"
"8","2025ARGB05","2025","Viral infections characterized by skin and mucous membrane lesions","Measles","Measles","B00-B09","B05","B05","Measles","A disease of the respiratory system, caused by an infection with Morbillivirus. This disease is characterised by a blotchy rash, fever, cough, conjunctivitis, or malaise. This disease may also present with tiny white spots with bluish-white centres inside the mouth. Transmission is by inhalation of infected respiratory secretions, airborne transmission or direct contact. Confirmation is by detection of Morbillivirus RNA or measles-specific IgM antibodies.","Argentina","AR","ARG","Americas","Latin America and the Caribbean","Region of the Americas","DON2916"
"9","2025ARGJ090","2025","Influenza and pneumonia","Influenza due to identified zoonotic or pandemic influenza virus","Influenza due to identified zoonotic or pandemic influenza virus","J09-J18","J09","J090","Influenza due to identified zoonotic or pandemic influenza virus","Influenza, caused by influenza virus strains of special epidemiological importance with an animal-human or inter-human transmission.","Argentina","AR","ARG","Americas","Latin America and the Caribbean","Region of the Americas","DON2938"
"10","2025ARGU071","2025","Provisional assignment of new diseases of uncertain etiology or emergency use","Emergency use of U07","COVID-19, virus identified","U00-U49","U07","U071","COVID-19","Infectious disease caused by the SARS-CoV-2 virus.","Argentina","AR","ARG","Americas","Latin America and the Caribbean","Region of the Americas","Coronavirus dashboard"
"11","2025ARMJ090","2025","Influenza and pneumonia","Influenza due to identified zoonotic or pandemic influenza virus","Influenza due to identified zoonotic or pandemic influenza virus","J09-J18","J09","J090","Influenza due to identified zoonotic or pandemic influenza virus","Influenza, caused by influenza virus strains of special epidemiological importance with an animal-human or inter-human transmission.","Armenia","AM","ARM","Asia","Western Asia","European Region","DON2938"
"12","2025ARMU071","2025","Provisional assignment of new diseases of uncertain etiology or emergency use","Emergency use of U07","COVID-19, virus identified","U00-U49","U07","U071","COVID-19","Infectious disease caused by the SARS-CoV-2 virus.","Armenia","AM","ARM","Asia","Western Asia","European Region","Coronavirus dashboard"
"13","2025ATGA920","2025","Arthropod-borne viral fevers and viral haemorrhagic fevers","Other mosquito-borne viral fevers","Chikungunya virus disease","A92-A99","A92","A920","Chikungunya mosquito-borne viral fever","Individuals are infected with the virus through a mosquito bite from Aedes mosquitos (Aedes albopictus and A. aegypti). Concomitant fever and arthalgia are a common specific sign although infection can present with non-specific symptoms that can be confused with Dengue including headache, rash and myalgia. Free virions are transported via the blood to the liver (hepatocyte apoptosis), muscle, joints and secondary lymphoid organs (adenopathy), wherein the virus replicates. Viral replication is associated with an infiltration of mononuclear cells including macrophages, which underlies the debilitating pain experienced in the muscles and joints, which can persist for months to years post infection. A small percentage of infected individuals remain asymptomatic, this is more common in patients under 25 years old. Age over 40 years is a risk factor for chronicity of symptoms. Encephalitis, Guillain-Barre sundrome and arthritis are rare complications of infection with Chikungya virus.","Antigua and Barbuda","AG","ATG","Americas","Latin America and the Caribbean","Region of the Americas","DON2931"
"14","2025AUSA920","2025","Arthropod-borne viral fevers and viral haemorrhagic fevers","Other mosquito-borne viral fevers","Chikungunya virus disease","A92-A99","A92","A920","Chikungunya mosquito-borne viral fever","Individuals are infected with the virus through a mosquito bite from Aedes mosquitos (Aedes albopictus and A. aegypti). Concomitant fever and arthalgia are a common specific sign although infection can present with non-specific symptoms that can be confused with Dengue including headache, rash and myalgia. Free virions are transported via the blood to the liver (hepatocyte apoptosis), muscle, joints and secondary lymphoid organs (adenopathy), wherein the virus replicates. Viral replication is associated with an infiltration of mononuclear cells including macrophages, which underlies the debilitating pain experienced in the muscles and joints, which can persist for months to years post infection. A small percentage of infected individuals remain asymptomatic, this is more common in patients under 25 years old. Age over 40 years is a risk factor for chronicity of symptoms. Encephalitis, Guillain-Barre sundrome and arthritis are rare complications of infection with Chikungya virus.","Australia","AU","AUS","Oceania","Australia and New Zealand","Western Pacific Region","DON2931"
"15","2025AUSB04","2025","Viral infections characterized by skin and mucous membrane lesions","Monkeypox","Monkeypox","B00-B09","B04","B04","Monkeypox","A disease caused by an infection with monkeypox virus. In the first phase, this disease is characterised by lymphadenopathy, fever, headache, or malaise","Australia","AU","AUS","Oceania","Australia and New Zealand","Western Pacific Region","DON2936"
"16","2025AUSJ090","2025","Influenza and pneumonia","Influenza due to identified zoonotic or pandemic influenza virus","Influenza due to identified zoonotic or pandemic influenza virus","J09-J18","J09","J090","Influenza due to identified zoonotic or pandemic influenza virus","Influenza, caused by influenza virus strains of special epidemiological importance with an animal-human or inter-human transmission.","Australia","AU","AUS","Oceania","Australia and New Zealand","Western Pacific Region","DON2938"
"17","2025AUTJ090","2025","Influenza and pneumonia","Influenza due to identified zoonotic or pandemic influenza virus","Influenza due to identified zoonotic or pandemic influenza virus","J09-J18","J09","J090","Influenza due to identified zoonotic or pandemic influenza virus","Influenza, caused by influenza virus strains of special epidemiological importance with an animal-human or inter-human transmission.","Austria","AT","AUT","Europe","Western Europe","European Region","DON2938"
"18","2025AUTU071","2025","Provisional assignment of new diseases of uncertain etiology or emergency use","Emergency use of U07","COVID-19, virus identified","U00-U49","U07","U071","COVID-19","Infectious disease caused by the SARS-CoV-2 virus.","Austria","AT","AUT","Europe","Western Europe","European Region","Coronavirus dashboard"
"19","2025AZEJ090","2025","Influenza and pneumonia","Influenza due to identified zoonotic or pandemic influenza virus","Influenza due to identified zoonotic or pandemic influenza virus","J09-J18","J09","J090","Influenza due to identified zoonotic or pandemic influenza virus","Influenza, caused by influenza virus strains of special epidemiological importance with an animal-human or inter-human transmission.","Azerbaijan","AZ","AZE","Asia","Western Asia","European Region","DON2938"
"20","2025AZEU071","2025","Provisional assignment of new diseases of uncertain etiology or emergency use","Emergency use of U07","COVID-19, virus identified","U00-U49","U07","U071","COVID-19","Infectious disease caused by the SARS-CoV-2 virus.","Azerbaijan","AZ","AZE","Asia","Western Asia","European Region","Coronavirus dashboard"
"21","2025BDIA000","2025","Intestinal infectious diseases","Cholera","Classical cholera","A00-A09","A00","A000","Cholera","Intestinal infection due to Vibrio cholerae","Burundi","BI","BDI","Africa","Sub-Saharan Africa","African Region","DON2928"
"22","2025BDIB04","2025","Viral infections characterized by skin and mucous membrane lesions","Monkeypox","Monkeypox","B00-B09","B04","B04","Monkeypox","A disease caused by an infection with monkeypox virus. In the first phase, this disease is characterised by lymphadenopathy, fever, headache, or malaise","Burundi","BI","BDI","Africa","Sub-Saharan Africa","African Region","DON2936"
"23","2025BELB04","2025","Viral infections characterized by skin and mucous membrane lesions","Monkeypox","Monkeypox","B00-B09","B04","B04","Monkeypox","A disease caused by an infection with monkeypox virus. In the first phase, this disease is characterised by lymphadenopathy, fever, headache, or malaise","Belgium","BE","BEL","Europe","Western Europe","European Region","DON2936"
"24","2025BELJ090","2025","Influenza and pneumonia","Influenza due to identified zoonotic or pandemic influenza virus","Influenza due to identified zoonotic or pandemic influenza virus","J09-J18","J09","J090","Influenza due to identified zoonotic or pandemic influenza virus","Influenza, caused by influenza virus strains of special epidemiological importance with an animal-human or inter-human transmission.","Belgium","BE","BEL","Europe","Western Europe","European Region","DON2938"
"25","2025BELU071","2025","Provisional assignment of new diseases of uncertain etiology or emergency use","Emergency use of U07","COVID-19, virus identified","U00-U49","U07","U071","COVID-19","Infectious disease caused by the SARS-CoV-2 virus.","Belgium","BE","BEL","Europe","Western Europe","European Region","Coronavirus dashboard"
"26","2025BFAU071","2025","Provisional assignment of new diseases of uncertain etiology or emergency use","Emergency use of U07","COVID-19, virus identified","U00-U49","U07","U071","COVID-19","Infectious disease caused by the SARS-CoV-2 virus.","Burkina Faso","BF","BFA","Africa","Sub-Saharan Africa","African Region","Coronavirus dashboard"
"27","2025BGDA000","2025","Intestinal infectious diseases","Cholera","Classical cholera","A00-A09","A00","A000","Cholera","Intestinal infection due to Vibrio cholerae","Bangladesh","BD","BGD","Asia","Southern Asia","South-East Asia Region","DON2928"
"28","2025BGDA920","2025","Arthropod-borne viral fevers and viral haemorrhagic fevers","Other mosquito-borne viral fevers","Chikungunya virus disease","A92-A99","A92","A920","Chikungunya mosquito-borne viral fever","Individuals are infected with the virus through a mosquito bite from Aedes mosquitos (Aedes albopictus and A. aegypti). Concomitant fever and arthalgia are a common specific sign although infection can present with non-specific symptoms that can be confused with Dengue including headache, rash and myalgia. Free virions are transported via the blood to the liver (hepatocyte apoptosis), muscle, joints and secondary lymphoid organs (adenopathy), wherein the virus replicates. Viral replication is associated with an infiltration of mononuclear cells including macrophages, which underlies the debilitating pain experienced in the muscles and joints, which can persist for months to years post infection. A small percentage of infected individuals remain asymptomatic, this is more common in patients under 25 years old. Age over 40 years is a risk factor for chronicity of symptoms. Encephalitis, Guillain-Barre sundrome and arthritis are rare complications of infection with Chikungya virus.","Bangladesh","BD","BGD","Asia","Southern Asia","South-East Asia Region","DON2931"
"29","2025BGDB348","2025","Other viral diseases","Viral infection of unspecified site","Other viral infections of unspecified site","B25-B34","B34","B348","Unspecified viral disease",NA,"Bangladesh","BD","BGD","Asia","Southern Asia","South-East Asia Region","DON2930"
"30","2025BGDJ090","2025","Influenza and pneumonia","Influenza due to identified zoonotic or pandemic influenza virus","Influenza due to identified zoonotic or pandemic influenza virus","J09-J18","J09","J090","Influenza due to identified zoonotic or pandemic influenza virus","Influenza, caused by influenza virus strains of special epidemiological importance with an animal-human or inter-human transmission.","Bangladesh","BD","BGD","Asia","Southern Asia","South-East Asia Region","DON2938"
"31","2025BGDU071","2025","Provisional assignment of new diseases of uncertain etiology or emergency use","Emergency use of U07","COVID-19, virus identified","U00-U49","U07","U071","COVID-19","Infectious disease caused by the SARS-CoV-2 virus.","Bangladesh","BD","BGD","Asia","Southern Asia","South-East Asia Region","Coronavirus dashboard"
"32","2025BGRU071","2025","Provisional assignment of new diseases of uncertain etiology or emergency use","Emergency use of U07","COVID-19, virus identified","U00-U49","U07","U071","COVID-19","Infectious disease caused by the SARS-CoV-2 virus.","Bulgaria","BG","BGR","Europe","Eastern Europe","European Region","Coronavirus dashboard"
"33","2025BHSA920","2025","Arthropod-borne viral fevers and viral haemorrhagic fevers","Other mosquito-borne viral fevers","Chikungunya virus disease","A92-A99","A92","A920","Chikungunya mosquito-borne viral fever","Individuals are infected with the virus through a mosquito bite from Aedes mosquitos (Aedes albopictus and A. aegypti). Concomitant fever and arthalgia are a common specific sign although infection can present with non-specific symptoms that can be confused with Dengue including headache, rash and myalgia. Free virions are transported via the blood to the liver (hepatocyte apoptosis), muscle, joints and secondary lymphoid organs (adenopathy), wherein the virus replicates. Viral replication is associated with an infiltration of mononuclear cells including macrophages, which underlies the debilitating pain experienced in the muscles and joints, which can persist for months to years post infection. A small percentage of infected individuals remain asymptomatic, this is more common in patients under 25 years old. Age over 40 years is a risk factor for chronicity of symptoms. Encephalitis, Guillain-Barre sundrome and arthritis are rare complications of infection with Chikungya virus.","Bahamas","BS","BHS","Americas","Latin America and the Caribbean","Region of the Americas","DON2931"
"34","2025BIHU071","2025","Provisional assignment of new diseases of uncertain etiology or emergency use","Emergency use of U07","COVID-19, virus identified","U00-U49","U07","U071","COVID-19","Infectious disease caused by the SARS-CoV-2 virus.","Bosnia and Herzegovina","BA","BIH","Europe","Southern Europe","European Region","Coronavirus dashboard"
"35","2025BLRJ090","2025","Influenza and pneumonia","Influenza due to identified zoonotic or pandemic influenza virus","Influenza due to identified zoonotic or pandemic influenza virus","J09-J18","J09","J090","Influenza due to identified zoonotic or pandemic influenza virus","Influenza, caused by influenza virus strains of special epidemiological importance with an animal-human or inter-human transmission.","Belarus","BY","BLR","Europe","Eastern Europe","European Region","DON2938"
"36","2025BLRU071","2025","Provisional assignment of new diseases of uncertain etiology or emergency use","Emergency use of U07","COVID-19, virus identified","U00-U49","U07","U071","COVID-19","Infectious disease caused by the SARS-CoV-2 virus.","Belarus","BY","BLR","Europe","Eastern Europe","European Region","Coronavirus dashboard"
"37","2025BLZA920","2025","Arthropod-borne viral fevers and viral haemorrhagic fevers","Other mosquito-borne viral fevers","Chikungunya virus disease","A92-A99","A92","A920","Chikungunya mosquito-borne viral fever","Individuals are infected with the virus through a mosquito bite from Aedes mosquitos (Aedes albopictus and A. aegypti). Concomitant fever and arthalgia are a common specific sign although infection can present with non-specific symptoms that can be confused with Dengue including headache, rash and myalgia. Free virions are transported via the blood to the liver (hepatocyte apoptosis), muscle, joints and secondary lymphoid organs (adenopathy), wherein the virus replicates. Viral replication is associated with an infiltration of mononuclear cells including macrophages, which underlies the debilitating pain experienced in the muscles and joints, which can persist for months to years post infection. A small percentage of infected individuals remain asymptomatic, this is more common in patients under 25 years old. Age over 40 years is a risk factor for chronicity of symptoms. Encephalitis, Guillain-Barre sundrome and arthritis are rare complications of infection with Chikungya virus.","Belize","BZ","BLZ","Americas","Latin America and the Caribbean","Region of the Americas","DON2931"
"38","2025BLZB05","2025","Viral infections characterized by skin and mucous membrane lesions","Measles","Measles","B00-B09","B05","B05","Measles","A disease of the respiratory system, caused by an infection with Morbillivirus. This disease is characterised by a blotchy rash, fever, cough, conjunctivitis, or malaise. This disease may also present with tiny white spots with bluish-white centres inside the mouth. Transmission is by inhalation of infected respiratory secretions, airborne transmission or direct contact. Confirmation is by detection of Morbillivirus RNA or measles-specific IgM antibodies.","Belize","BZ","BLZ","Americas","Latin America and the Caribbean","Region of the Americas","DON2916"
"39","2025BLZU071","2025","Provisional assignment of new diseases of uncertain etiology or emergency use","Emergency use of U07","COVID-19, virus identified","U00-U49","U07","U071","COVID-19","Infectious disease caused by the SARS-CoV-2 virus.","Belize","BZ","BLZ","Americas","Latin America and the Caribbean","Region of the Americas","Coronavirus dashboard"
"40","2025BOLA920","2025","Arthropod-borne viral fevers and viral haemorrhagic fevers","Other mosquito-borne viral fevers","Chikungunya virus disease","A92-A99","A92","A920","Chikungunya mosquito-borne viral fever","Individuals are infected with the virus through a mosquito bite from Aedes mosquitos (Aedes albopictus and A. aegypti). Concomitant fever and arthalgia are a common specific sign although infection can present with non-specific symptoms that can be confused with Dengue including headache, rash and myalgia. Free virions are transported via the blood to the liver (hepatocyte apoptosis), muscle, joints and secondary lymphoid organs (adenopathy), wherein the virus replicates. Viral replication is associated with an infiltration of mononuclear cells including macrophages, which underlies the debilitating pain experienced in the muscles and joints, which can persist for months to years post infection. A small percentage of infected individuals remain asymptomatic, this is more common in patients under 25 years old. Age over 40 years is a risk factor for chronicity of symptoms. Encephalitis, Guillain-Barre sundrome and arthritis are rare complications of infection with Chikungya virus.","Bolivia (Plurinational State of)","BO","BOL","Americas","Latin America and the Caribbean","Region of the Americas","DON2931"
"41","2025BOLA959","2025","Arthropod-borne viral fevers and viral haemorrhagic fevers","Yellow fever","Yellow fever, unspecified","A92-A99","A95","A959","Yellow fever, unspecified","A condition caused by an infection with yellow fever virus. This condition is characterised by fever, chills, headache, myalgia, conjunctival congestion, or relative bradycardia. Severe conditions may also present with increasing fever, jaundice, renal failure, or bleeding. Transmission is through the bite of an infected mosquito. Confirmation is by detection of IgM anti-yellow fever virus antibodies in a serum sample.","Bolivia (Plurinational State of)","BO","BOL","Americas","Latin America and the Caribbean","Region of the Americas","DON2920"
"42","2025BOLA968","2025","Arthropod-borne viral fevers and viral haemorrhagic fevers","Arenaviral haemorrhagic fever","Other arenaviral haemorrhagic fevers","A92-A99","A96","A968","Chapare virus",NA,"Bolivia (Plurinational State of)","BO","BOL","Americas","Latin America and the Caribbean","Region of the Americas","DON2902"
"43","2025BOLJ090","2025","Influenza and pneumonia","Influenza due to identified zoonotic or pandemic influenza virus","Influenza due to identified zoonotic or pandemic influenza virus","J09-J18","J09","J090","Influenza due to identified zoonotic or pandemic influenza virus","Influenza, caused by influenza virus strains of special epidemiological importance with an animal-human or inter-human transmission.","Bolivia (Plurinational State of)","BO","BOL","Americas","Latin America and the Caribbean","Region of the Americas","DON2938"
"44","2025BOLU071","2025","Provisional assignment of new diseases of uncertain etiology or emergency use","Emergency use of U07","COVID-19, virus identified","U00-U49","U07","U071","COVID-19","Infectious disease caused by the SARS-CoV-2 virus.","Bolivia (Plurinational State of)","BO","BOL","Americas","Latin America and the Caribbean","Region of the Americas","Coronavirus dashboard"
"45","2025BRAA959","2025","Arthropod-borne viral fevers and viral haemorrhagic fevers","Yellow fever","Yellow fever, unspecified","A92-A99","A95","A959","Yellow fever, unspecified","A condition caused by an infection with yellow fever virus. This condition is characterised by fever, chills, headache, myalgia, conjunctival congestion, or relative bradycardia. Severe conditions may also present with increasing fever, jaundice, renal failure, or bleeding. Transmission is through the bite of an infected mosquito. Confirmation is by detection of IgM anti-yellow fever virus antibodies in a serum sample.","Brazil","BR","BRA","Americas","Latin America and the Caribbean","Region of the Americas","DON2920"
"46","2025BRAB05","2025","Viral infections characterized by skin and mucous membrane lesions","Measles","Measles","B00-B09","B05","B05","Measles","A disease of the respiratory system, caused by an infection with Morbillivirus. This disease is characterised by a blotchy rash, fever, cough, conjunctivitis, or malaise. This disease may also present with tiny white spots with bluish-white centres inside the mouth. Transmission is by inhalation of infected respiratory secretions, airborne transmission or direct contact. Confirmation is by detection of Morbillivirus RNA or measles-specific IgM antibodies.","Brazil","BR","BRA","Americas","Latin America and the Caribbean","Region of the Americas","DON2916"
"47","2025BRAJ090","2025","Influenza and pneumonia","Influenza due to identified zoonotic or pandemic influenza virus","Influenza due to identified zoonotic or pandemic influenza virus","J09-J18","J09","J090","Influenza due to identified zoonotic or pandemic influenza virus","Influenza, caused by influenza virus strains of special epidemiological importance with an animal-human or inter-human transmission.","Brazil","BR","BRA","Americas","Latin America and the Caribbean","Region of the Americas","DON2938"
"48","2025BRAU071","2025","Provisional assignment of new diseases of uncertain etiology or emergency use","Emergency use of U07","COVID-19, virus identified","U00-U49","U07","U071","COVID-19","Infectious disease caused by the SARS-CoV-2 virus.","Brazil","BR","BRA","Americas","Latin America and the Caribbean","Region of the Americas","Coronavirus dashboard"
"49","2025BRBU071","2025","Provisional assignment of new diseases of uncertain etiology or emergency use","Emergency use of U07","COVID-19, virus identified","U00-U49","U07","U071","COVID-19","Infectious disease caused by the SARS-CoV-2 virus.","Barbados","BB","BRB","Americas","Latin America and the Caribbean","Region of the Americas","Coronavirus dashboard"
"50","2025BRNJ090","2025","Influenza and pneumonia","Influenza due to identified zoonotic or pandemic influenza virus","Influenza due to identified zoonotic or pandemic influenza virus","J09-J18","J09","J090","Influenza due to identified zoonotic or pandemic influenza virus","Influenza, caused by influenza virus strains of special epidemiological importance with an animal-human or inter-human transmission.","Brunei Darussalam","BN","BRN","Asia","South-eastern Asia","Western Pacific Region","DON2938"
"51","2025BRNU071","2025","Provisional assignment of new diseases of uncertain etiology or emergency use","Emergency use of U07","COVID-19, virus identified","U00-U49","U07","U071","COVID-19","Infectious disease caused by the SARS-CoV-2 virus.","Brunei Darussalam","BN","BRN","Asia","South-eastern Asia","Western Pacific Region","Coronavirus dashboard"
"52","2025BTNJ090","2025","Influenza and pneumonia","Influenza due to identified zoonotic or pandemic influenza virus","Influenza due to identified zoonotic or pandemic influenza virus","J09-J18","J09","J090","Influenza due to identified zoonotic or pandemic influenza virus","Influenza, caused by influenza virus strains of special epidemiological importance with an animal-human or inter-human transmission.","Bhutan","BT","BTN","Asia","Southern Asia","South-East Asia Region","DON2938"
"53","2025BTNU071","2025","Provisional assignment of new diseases of uncertain etiology or emergency use","Emergency use of U07","COVID-19, virus identified","U00-U49","U07","U071","COVID-19","Infectious disease caused by the SARS-CoV-2 virus.","Bhutan","BT","BTN","Asia","Southern Asia","South-East Asia Region","Coronavirus dashboard"
"54","2025CAFU071","2025","Provisional assignment of new diseases of uncertain etiology or emergency use","Emergency use of U07","COVID-19, virus identified","U00-U49","U07","U071","COVID-19","Infectious disease caused by the SARS-CoV-2 virus.","Central African Republic","CF","CAF","Africa","Sub-Saharan Africa","African Region","Coronavirus dashboard"
"55","2025CANA920","2025","Arthropod-borne viral fevers and viral haemorrhagic fevers","Other mosquito-borne viral fevers","Chikungunya virus disease","A92-A99","A92","A920","Chikungunya mosquito-borne viral fever","Individuals are infected with the virus through a mosquito bite from Aedes mosquitos (Aedes albopictus and A. aegypti). Concomitant fever and arthalgia are a common specific sign although infection can present with non-specific symptoms that can be confused with Dengue including headache, rash and myalgia. Free virions are transported via the blood to the liver (hepatocyte apoptosis), muscle, joints and secondary lymphoid organs (adenopathy), wherein the virus replicates. Viral replication is associated with an infiltration of mononuclear cells including macrophages, which underlies the debilitating pain experienced in the muscles and joints, which can persist for months to years post infection. A small percentage of infected individuals remain asymptomatic, this is more common in patients under 25 years old. Age over 40 years is a risk factor for chronicity of symptoms. Encephalitis, Guillain-Barre sundrome and arthritis are rare complications of infection with Chikungya virus.","Canada","CA","CAN","Americas","Northern America","Region of the Americas","DON2931"
"56","2025CANB04","2025","Viral infections characterized by skin and mucous membrane lesions","Monkeypox","Monkeypox","B00-B09","B04","B04","Monkeypox","A disease caused by an infection with monkeypox virus. In the first phase, this disease is characterised by lymphadenopathy, fever, headache, or malaise","Canada","CA","CAN","Americas","Northern America","Region of the Americas","DON2936"
"57","2025CANB05","2025","Viral infections characterized by skin and mucous membrane lesions","Measles","Measles","B00-B09","B05","B05","Measles","A disease of the respiratory system, caused by an infection with Morbillivirus. This disease is characterised by a blotchy rash, fever, cough, conjunctivitis, or malaise. This disease may also present with tiny white spots with bluish-white centres inside the mouth. Transmission is by inhalation of infected respiratory secretions, airborne transmission or direct contact. Confirmation is by detection of Morbillivirus RNA or measles-specific IgM antibodies.","Canada","CA","CAN","Americas","Northern America","Region of the Americas","DON2916"
"58","2025CHEJ090","2025","Influenza and pneumonia","Influenza due to identified zoonotic or pandemic influenza virus","Influenza due to identified zoonotic or pandemic influenza virus","J09-J18","J09","J090","Influenza due to identified zoonotic or pandemic influenza virus","Influenza, caused by influenza virus strains of special epidemiological importance with an animal-human or inter-human transmission.","Switzerland","CH","CHE","Europe","Western Europe","European Region","DON2938"
"59","2025CHEU071","2025","Provisional assignment of new diseases of uncertain etiology or emergency use","Emergency use of U07","COVID-19, virus identified","U00-U49","U07","U071","COVID-19","Infectious disease caused by the SARS-CoV-2 virus.","Switzerland","CH","CHE","Europe","Western Europe","European Region","Coronavirus dashboard"
"60","2025CHLA920","2025","Arthropod-borne viral fevers and viral haemorrhagic fevers","Other mosquito-borne viral fevers","Chikungunya virus disease","A92-A99","A92","A920","Chikungunya mosquito-borne viral fever","Individuals are infected with the virus through a mosquito bite from Aedes mosquitos (Aedes albopictus and A. aegypti). Concomitant fever and arthalgia are a common specific sign although infection can present with non-specific symptoms that can be confused with Dengue including headache, rash and myalgia. Free virions are transported via the blood to the liver (hepatocyte apoptosis), muscle, joints and secondary lymphoid organs (adenopathy), wherein the virus replicates. Viral replication is associated with an infiltration of mononuclear cells including macrophages, which underlies the debilitating pain experienced in the muscles and joints, which can persist for months to years post infection. A small percentage of infected individuals remain asymptomatic, this is more common in patients under 25 years old. Age over 40 years is a risk factor for chronicity of symptoms. Encephalitis, Guillain-Barre sundrome and arthritis are rare complications of infection with Chikungya virus.","Chile","CL","CHL","Americas","Latin America and the Caribbean","Region of the Americas","DON2931"
"61","2025CHLJ090","2025","Influenza and pneumonia","Influenza due to identified zoonotic or pandemic influenza virus","Influenza due to identified zoonotic or pandemic influenza virus","J09-J18","J09","J090","Influenza due to identified zoonotic or pandemic influenza virus","Influenza, caused by influenza virus strains of special epidemiological importance with an animal-human or inter-human transmission.","Chile","CL","CHL","Americas","Latin America and the Caribbean","Region of the Americas","DON2938"
"62","2025CHLU071","2025","Provisional assignment of new diseases of uncertain etiology or emergency use","Emergency use of U07","COVID-19, virus identified","U00-U49","U07","U071","COVID-19","Infectious disease caused by the SARS-CoV-2 virus.","Chile","CL","CHL","Americas","Latin America and the Caribbean","Region of the Americas","Coronavirus dashboard"
"63","2025CHNA920","2025","Arthropod-borne viral fevers and viral haemorrhagic fevers","Other mosquito-borne viral fevers","Chikungunya virus disease","A92-A99","A92","A920","Chikungunya mosquito-borne viral fever","Individuals are infected with the virus through a mosquito bite from Aedes mosquitos (Aedes albopictus and A. aegypti). Concomitant fever and arthalgia are a common specific sign although infection can present with non-specific symptoms that can be confused with Dengue including headache, rash and myalgia. Free virions are transported via the blood to the liver (hepatocyte apoptosis), muscle, joints and secondary lymphoid organs (adenopathy), wherein the virus replicates. Viral replication is associated with an infiltration of mononuclear cells including macrophages, which underlies the debilitating pain experienced in the muscles and joints, which can persist for months to years post infection. A small percentage of infected individuals remain asymptomatic, this is more common in patients under 25 years old. Age over 40 years is a risk factor for chronicity of symptoms. Encephalitis, Guillain-Barre sundrome and arthritis are rare complications of infection with Chikungya virus.","China","CN","CHN","Asia","Eastern Asia","Western Pacific Region","DON2931"
"64","2025CHNB04","2025","Viral infections characterized by skin and mucous membrane lesions","Monkeypox","Monkeypox","B00-B09","B04","B04","Monkeypox","A disease caused by an infection with monkeypox virus. In the first phase, this disease is characterised by lymphadenopathy, fever, headache, or malaise","China","CN","CHN","Asia","Eastern Asia","Western Pacific Region","DON2936"
"65","2025CHNJ101","2025","Influenza and pneumonia","Influenza due to identified seasonal influenza virus","Influenza with other manifestations, seasonal influenza virus identified","J09-J18","J10","J101","Influenza with other manifestations, seasonal influenza virus identified","Influenza due to infection with seasonal influenza virus strains, virus identified. These diseases are characterized by fever, cough, headache, myalgia, arthralgia, or malaise. Transmission is by inhalation of infected respiratory secretions. Confirmation is by identification of the specified influenza virus in a nasopharyngeal, nose, or throat swab.","China","CN","CHN","Asia","Eastern Asia","Western Pacific Region","DON2900"
"66","2025CHNJ121","2025","Influenza and pneumonia","Viral pneumonia, not elsewhere classified","Respiratory syncytial virus pneumonia","J09-J18","J12","J121","Pneumonia due to Respiratory syncytial virus","A disease caused by an infection with respiratory syncytial virus. This disease is characterised by an inflammatory condition of the lung commonly affecting the alveoli (pneumonia), leading to coughing, sneezing, fever, or wheezing. This disease may be severe in premature babies and those with concurrent disease or immunosuppression. Transmission is by direct contact, droplet transmission, or indirect contact with infected respiratory secretions. Confirmation is by identification of respiratory syncytial virus, commonly through antigen detection or cell culture.","China","CN","CHN","Asia","Eastern Asia","Western Pacific Region","DON2900"
"67","2025CHNJ123","2025","Influenza and pneumonia","Viral pneumonia, not elsewhere classified","Human metapneumovirus pneumonia","J09-J18","J12","J123","Pneumonia due to Human metapneumovirus","A disease of the pulmonary system, caused by an infection with Human metapneumovirus. This disease is characterised by fever, myalgia, rhinorrhoea, dyspnoea, tachypnoea, or wheezing. This disease also presents with symptoms of pneumonia. Transmission is by direct or indirect contact, inhalation of infected respiratory sections, or through fomites. Confirmation is by identification of Human metapneumovirus in a nasopharyngeal, nose, or throat swab or blood sample.","China","CN","CHN","Asia","Eastern Asia","Western Pacific Region","DON2900"
"68","2025CHNJ206","2025","Other acute lower respiratory infections","Acute bronchitis","Acute bronchitis due to rhinovirus","J20-J22","J20","J206","Acute bronchitis due to Rhinovirus","A disease of the pulmonary system, caused by an infection with rhinovirus. This disease is characterised by cough, with or without production of sputum. Transmission is by inhalation of infected respiratory secretions, or direct contact.","China","CN","CHN","Asia","Eastern Asia","Western Pacific Region","DON2900"
"69","2025CHNU071","2025","Provisional assignment of new diseases of uncertain etiology or emergency use","Emergency use of U07","COVID-19, virus identified","U00-U49","U07","U071","COVID-19","Infectious disease caused by the SARS-CoV-2 virus.","China","CN","CHN","Asia","Eastern Asia","Western Pacific Region","Coronavirus dashboard"
"70","2025CIVA000","2025","Intestinal infectious diseases","Cholera","Classical cholera","A00-A09","A00","A000","Cholera","Intestinal infection due to Vibrio cholerae","Côte d'Ivoire","CI","CIV","Africa","Sub-Saharan Africa","African Region","DON2928"
"71","2025CIVJ090","2025","Influenza and pneumonia","Influenza due to identified zoonotic or pandemic influenza virus","Influenza due to identified zoonotic or pandemic influenza virus","J09-J18","J09","J090","Influenza due to identified zoonotic or pandemic influenza virus","Influenza, caused by influenza virus strains of special epidemiological importance with an animal-human or inter-human transmission.","Côte d'Ivoire","CI","CIV","Africa","Sub-Saharan Africa","African Region","DON2938"
"72","2025CIVU071","2025","Provisional assignment of new diseases of uncertain etiology or emergency use","Emergency use of U07","COVID-19, virus identified","U00-U49","U07","U071","COVID-19","Infectious disease caused by the SARS-CoV-2 virus.","Côte d'Ivoire","CI","CIV","Africa","Sub-Saharan Africa","African Region","Coronavirus dashboard"
"73","2025CMRJ090","2025","Influenza and pneumonia","Influenza due to identified zoonotic or pandemic influenza virus","Influenza due to identified zoonotic or pandemic influenza virus","J09-J18","J09","J090","Influenza due to identified zoonotic or pandemic influenza virus","Influenza, caused by influenza virus strains of special epidemiological importance with an animal-human or inter-human transmission.","Cameroon","CM","CMR","Africa","Sub-Saharan Africa","African Region","DON2938"
"74","2025CMRU071","2025","Provisional assignment of new diseases of uncertain etiology or emergency use","Emergency use of U07","COVID-19, virus identified","U00-U49","U07","U071","COVID-19","Infectious disease caused by the SARS-CoV-2 virus.","Cameroon","CM","CMR","Africa","Sub-Saharan Africa","African Region","Coronavirus dashboard"
"75","2025CODA000","2025","Intestinal infectious diseases","Cholera","Classical cholera","A00-A09","A00","A000","Cholera","Intestinal infection due to Vibrio cholerae","Congo Democratic Republic of the","CD","COD","Africa","Sub-Saharan Africa","African Region","DON2928"
"76","2025CODA984","2025","Arthropod-borne viral fevers and viral haemorrhagic fevers","Other viral haemorrhagic fevers, not elsewhere classified","Ebola virus disease","A92-A99","A98","A984","Ebola disease","A severe disease with high case fatality caused by infection with Ebola virus or a closely related virus. Ebola disease is typically characterised by acute onset of fever with non-specific symptoms/signs (e.g., abdominal pain, anorexia, fatigue, malaise, myalgia, sore throat) usually followed several days later by nausea, vomiting, diarrhoea, and occasionally a variable rash. Hiccups may occur. Severe illness may include haemorrhagic manifestations (e.g., bleeding from puncture sites, ecchymoses, petechiae, visceral effusions), encephalopathy, shock/hypotension, multi-organ failure, spontaneous abortion in infected pregnant women. Common laboratory findings include thrombocytopenia, elevated transaminase concentrations, electrolyte abnormalities, and signs of renal dysfunction. Individuals who recover may experience prolonged sequelae (e.g., arthralgia, neurocognitive dysfunction, uveitis sometimes followed by cataract formation), and clinical and subclinical persistent infection may occur in immune-privileged compartments (e.g., CNS, eyes, testes). Person-to-person transmission occurs by direct contact with blood, other bodily fluids, organs, or contaminated surfaces and materials with risk beginning at the onset of clinical signs and increasing with disease severity. Family members, sexual contacts, healthcare providers, and participants in burial ceremonies with direct contact with the deceased are at particular risk. The incubation period typically is 7–11 days (range ≈2–21 days).","Congo Democratic Republic of the","CD","COD","Africa","Sub-Saharan Africa","African Region","DON2935, DON2929"
"77","2025CODB04","2025","Viral infections characterized by skin and mucous membrane lesions","Monkeypox","Monkeypox","B00-B09","B04","B04","Monkeypox","A disease caused by an infection with monkeypox virus. In the first phase, this disease is characterised by lymphadenopathy, fever, headache, or malaise","Congo Democratic Republic of the","CD","COD","Africa","Sub-Saharan Africa","African Region","DON2936"
"78","2025CODU071","2025","Provisional assignment of new diseases of uncertain etiology or emergency use","Emergency use of U07","COVID-19, virus identified","U00-U49","U07","U071","COVID-19","Infectious disease caused by the SARS-CoV-2 virus.","Congo Democratic Republic of the","CD","COD","Africa","Sub-Saharan Africa","African Region","Coronavirus dashboard"
"79","2025COGA000","2025","Intestinal infectious diseases","Cholera","Classical cholera","A00-A09","A00","A000","Cholera","Intestinal infection due to Vibrio cholerae","Congo","CG","COG","Africa","Sub-Saharan Africa","African Region","DON2928"
"80","2025COGB04","2025","Viral infections characterized by skin and mucous membrane lesions","Monkeypox","Monkeypox","B00-B09","B04","B04","Monkeypox","A disease caused by an infection with monkeypox virus. In the first phase, this disease is characterised by lymphadenopathy, fever, headache, or malaise","Congo","CG","COG","Africa","Sub-Saharan Africa","African Region","DON2936"
"81","2025COKJ090","2025","Influenza and pneumonia","Influenza due to identified zoonotic or pandemic influenza virus","Influenza due to identified zoonotic or pandemic influenza virus","J09-J18","J09","J090","Influenza due to identified zoonotic or pandemic influenza virus","Influenza, caused by influenza virus strains of special epidemiological importance with an animal-human or inter-human transmission.","Cook Islands","CK","COK","Oceania","Polynesia","Western Pacific Region","DON2938"
"82","2025COLA920","2025","Arthropod-borne viral fevers and viral haemorrhagic fevers","Other mosquito-borne viral fevers","Chikungunya virus disease","A92-A99","A92","A920","Chikungunya mosquito-borne viral fever","Individuals are infected with the virus through a mosquito bite from Aedes mosquitos (Aedes albopictus and A. aegypti). Concomitant fever and arthalgia are a common specific sign although infection can present with non-specific symptoms that can be confused with Dengue including headache, rash and myalgia. Free virions are transported via the blood to the liver (hepatocyte apoptosis), muscle, joints and secondary lymphoid organs (adenopathy), wherein the virus replicates. Viral replication is associated with an infiltration of mononuclear cells including macrophages, which underlies the debilitating pain experienced in the muscles and joints, which can persist for months to years post infection. A small percentage of infected individuals remain asymptomatic, this is more common in patients under 25 years old. Age over 40 years is a risk factor for chronicity of symptoms. Encephalitis, Guillain-Barre sundrome and arthritis are rare complications of infection with Chikungya virus.","Colombia","CO","COL","Americas","Latin America and the Caribbean","Region of the Americas","DON2931"
"83","2025COLA959","2025","Arthropod-borne viral fevers and viral haemorrhagic fevers","Yellow fever","Yellow fever, unspecified","A92-A99","A95","A959","Yellow fever, unspecified","A condition caused by an infection with yellow fever virus. This condition is characterised by fever, chills, headache, myalgia, conjunctival congestion, or relative bradycardia. Severe conditions may also present with increasing fever, jaundice, renal failure, or bleeding. Transmission is through the bite of an infected mosquito. Confirmation is by detection of IgM anti-yellow fever virus antibodies in a serum sample.","Colombia","CO","COL","Americas","Latin America and the Caribbean","Region of the Americas","DON2920"
"84","2025COLJ090","2025","Influenza and pneumonia","Influenza due to identified zoonotic or pandemic influenza virus","Influenza due to identified zoonotic or pandemic influenza virus","J09-J18","J09","J090","Influenza due to identified zoonotic or pandemic influenza virus","Influenza, caused by influenza virus strains of special epidemiological importance with an animal-human or inter-human transmission.","Colombia","CO","COL","Americas","Latin America and the Caribbean","Region of the Americas","DON2938"
"85","2025COLU071","2025","Provisional assignment of new diseases of uncertain etiology or emergency use","Emergency use of U07","COVID-19, virus identified","U00-U49","U07","U071","COVID-19","Infectious disease caused by the SARS-CoV-2 virus.","Colombia","CO","COL","Americas","Latin America and the Caribbean","Region of the Americas","Coronavirus dashboard"
"86","2025COMA920","2025","Arthropod-borne viral fevers and viral haemorrhagic fevers","Other mosquito-borne viral fevers","Chikungunya virus disease","A92-A99","A92","A920","Chikungunya mosquito-borne viral fever","Individuals are infected with the virus through a mosquito bite from Aedes mosquitos (Aedes albopictus and A. aegypti). Concomitant fever and arthalgia are a common specific sign although infection can present with non-specific symptoms that can be confused with Dengue including headache, rash and myalgia. Free virions are transported via the blood to the liver (hepatocyte apoptosis), muscle, joints and secondary lymphoid organs (adenopathy), wherein the virus replicates. Viral replication is associated with an infiltration of mononuclear cells including macrophages, which underlies the debilitating pain experienced in the muscles and joints, which can persist for months to years post infection. A small percentage of infected individuals remain asymptomatic, this is more common in patients under 25 years old. Age over 40 years is a risk factor for chronicity of symptoms. Encephalitis, Guillain-Barre sundrome and arthritis are rare complications of infection with Chikungya virus.","Comoros","KM","COM","Africa","Sub-Saharan Africa","African Region","DON2931"
"87","2025CPVU071","2025","Provisional assignment of new diseases of uncertain etiology or emergency use","Emergency use of U07","COVID-19, virus identified","U00-U49","U07","U071","COVID-19","Infectious disease caused by the SARS-CoV-2 virus.","Cabo Verde","CV","CPV","Africa","Sub-Saharan Africa","African Region","Coronavirus dashboard"
"88","2025CRIA920","2025","Arthropod-borne viral fevers and viral haemorrhagic fevers","Other mosquito-borne viral fevers","Chikungunya virus disease","A92-A99","A92","A920","Chikungunya mosquito-borne viral fever","Individuals are infected with the virus through a mosquito bite from Aedes mosquitos (Aedes albopictus and A. aegypti). Concomitant fever and arthalgia are a common specific sign although infection can present with non-specific symptoms that can be confused with Dengue including headache, rash and myalgia. Free virions are transported via the blood to the liver (hepatocyte apoptosis), muscle, joints and secondary lymphoid organs (adenopathy), wherein the virus replicates. Viral replication is associated with an infiltration of mononuclear cells including macrophages, which underlies the debilitating pain experienced in the muscles and joints, which can persist for months to years post infection. A small percentage of infected individuals remain asymptomatic, this is more common in patients under 25 years old. Age over 40 years is a risk factor for chronicity of symptoms. Encephalitis, Guillain-Barre sundrome and arthritis are rare complications of infection with Chikungya virus.","Costa Rica","CR","CRI","Americas","Latin America and the Caribbean","Region of the Americas","DON2931"
"89","2025CRIJ090","2025","Influenza and pneumonia","Influenza due to identified zoonotic or pandemic influenza virus","Influenza due to identified zoonotic or pandemic influenza virus","J09-J18","J09","J090","Influenza due to identified zoonotic or pandemic influenza virus","Influenza, caused by influenza virus strains of special epidemiological importance with an animal-human or inter-human transmission.","Costa Rica","CR","CRI","Americas","Latin America and the Caribbean","Region of the Americas","DON2938"
"90","2025CRIU071","2025","Provisional assignment of new diseases of uncertain etiology or emergency use","Emergency use of U07","COVID-19, virus identified","U00-U49","U07","U071","COVID-19","Infectious disease caused by the SARS-CoV-2 virus.","Costa Rica","CR","CRI","Americas","Latin America and the Caribbean","Region of the Americas","Coronavirus dashboard"
"91","2025CUBU071","2025","Provisional assignment of new diseases of uncertain etiology or emergency use","Emergency use of U07","COVID-19, virus identified","U00-U49","U07","U071","COVID-19","Infectious disease caused by the SARS-CoV-2 virus.","Cuba","CU","CUB","Americas","Latin America and the Caribbean","Region of the Americas","Coronavirus dashboard"
"92","2025CYPU071","2025","Provisional assignment of new diseases of uncertain etiology or emergency use","Emergency use of U07","COVID-19, virus identified","U00-U49","U07","U071","COVID-19","Infectious disease caused by the SARS-CoV-2 virus.","Cyprus","CY","CYP","Asia","Western Asia","European Region","Coronavirus dashboard"
"93","2025CZEJ090","2025","Influenza and pneumonia","Influenza due to identified zoonotic or pandemic influenza virus","Influenza due to identified zoonotic or pandemic influenza virus","J09-J18","J09","J090","Influenza due to identified zoonotic or pandemic influenza virus","Influenza, caused by influenza virus strains of special epidemiological importance with an animal-human or inter-human transmission.","Czechia","CZ","CZE","Europe","Eastern Europe","European Region","DON2938"
"94","2025CZEU071","2025","Provisional assignment of new diseases of uncertain etiology or emergency use","Emergency use of U07","COVID-19, virus identified","U00-U49","U07","U071","COVID-19","Infectious disease caused by the SARS-CoV-2 virus.","Czechia","CZ","CZE","Europe","Eastern Europe","European Region","Coronavirus dashboard"
"95","2025DEUB04","2025","Viral infections characterized by skin and mucous membrane lesions","Monkeypox","Monkeypox","B00-B09","B04","B04","Monkeypox","A disease caused by an infection with monkeypox virus. In the first phase, this disease is characterised by lymphadenopathy, fever, headache, or malaise","Germany","DE","DEU","Europe","Western Europe","European Region","DON2936"
"96","2025DEUU071","2025","Provisional assignment of new diseases of uncertain etiology or emergency use","Emergency use of U07","COVID-19, virus identified","U00-U49","U07","U071","COVID-19","Infectious disease caused by the SARS-CoV-2 virus.","Germany","DE","DEU","Europe","Western Europe","European Region","Coronavirus dashboard"
"97","2025DNKJ090","2025","Influenza and pneumonia","Influenza due to identified zoonotic or pandemic influenza virus","Influenza due to identified zoonotic or pandemic influenza virus","J09-J18","J09","J090","Influenza due to identified zoonotic or pandemic influenza virus","Influenza, caused by influenza virus strains of special epidemiological importance with an animal-human or inter-human transmission.","Denmark","DK","DNK","Europe","Northern Europe","European Region","DON2938"
"98","2025DNKU071","2025","Provisional assignment of new diseases of uncertain etiology or emergency use","Emergency use of U07","COVID-19, virus identified","U00-U49","U07","U071","COVID-19","Infectious disease caused by the SARS-CoV-2 virus.","Denmark","DK","DNK","Europe","Northern Europe","European Region","Coronavirus dashboard"
"99","2025DOMJ090","2025","Influenza and pneumonia","Influenza due to identified zoonotic or pandemic influenza virus","Influenza due to identified zoonotic or pandemic influenza virus","J09-J18","J09","J090","Influenza due to identified zoonotic or pandemic influenza virus","Influenza, caused by influenza virus strains of special epidemiological importance with an animal-human or inter-human transmission.","Dominican Republic","DO","DOM","Americas","Latin America and the Caribbean","Region of the Americas","DON2938"
"100","2025DZAA369","2025","Other bacterial diseases","Diphtheria","Diphtheria, unspecified","A30-A49","A36","A369","Diphtheria, unspecified","A disease commonly of the respiratory system, caused by an infection of the gram-positive bacteria Corynebacterium diphtheriae. This disease is characterised by sore throat, fever, and a pseudomembrane on the tonsils, pharynx, or nasal cavity. Transmission is by inhalation of infected respiratory secretions, or direct cutaneous contact. Confirmation is by identification of Corynebacterium diphtheriae from a throat swab or infected tissue, and by clinical signs.","Algeria","DZ","DZA","Africa","Northern Africa","African Region","DON2934"
"101","2025DZAJ090","2025","Influenza and pneumonia","Influenza due to identified zoonotic or pandemic influenza virus","Influenza due to identified zoonotic or pandemic influenza virus","J09-J18","J09","J090","Influenza due to identified zoonotic or pandemic influenza virus","Influenza, caused by influenza virus strains of special epidemiological importance with an animal-human or inter-human transmission.","Algeria","DZ","DZA","Africa","Northern Africa","African Region","DON2938"
"102","2025DZAU071","2025","Provisional assignment of new diseases of uncertain etiology or emergency use","Emergency use of U07","COVID-19, virus identified","U00-U49","U07","U071","COVID-19","Infectious disease caused by the SARS-CoV-2 virus.","Algeria","DZ","DZA","Africa","Northern Africa","African Region","Coronavirus dashboard"
"103","2025ECUA920","2025","Arthropod-borne viral fevers and viral haemorrhagic fevers","Other mosquito-borne viral fevers","Chikungunya virus disease","A92-A99","A92","A920","Chikungunya mosquito-borne viral fever","Individuals are infected with the virus through a mosquito bite from Aedes mosquitos (Aedes albopictus and A. aegypti). Concomitant fever and arthalgia are a common specific sign although infection can present with non-specific symptoms that can be confused with Dengue including headache, rash and myalgia. Free virions are transported via the blood to the liver (hepatocyte apoptosis), muscle, joints and secondary lymphoid organs (adenopathy), wherein the virus replicates. Viral replication is associated with an infiltration of mononuclear cells including macrophages, which underlies the debilitating pain experienced in the muscles and joints, which can persist for months to years post infection. A small percentage of infected individuals remain asymptomatic, this is more common in patients under 25 years old. Age over 40 years is a risk factor for chronicity of symptoms. Encephalitis, Guillain-Barre sundrome and arthritis are rare complications of infection with Chikungya virus.","Ecuador","EC","ECU","Americas","Latin America and the Caribbean","Region of the Americas","DON2931"
"104","2025ECUA959","2025","Arthropod-borne viral fevers and viral haemorrhagic fevers","Yellow fever","Yellow fever, unspecified","A92-A99","A95","A959","Yellow fever, unspecified","A condition caused by an infection with yellow fever virus. This condition is characterised by fever, chills, headache, myalgia, conjunctival congestion, or relative bradycardia. Severe conditions may also present with increasing fever, jaundice, renal failure, or bleeding. Transmission is through the bite of an infected mosquito. Confirmation is by detection of IgM anti-yellow fever virus antibodies in a serum sample.","Ecuador","EC","ECU","Americas","Latin America and the Caribbean","Region of the Americas","DON2920"
"105","2025ECUU071","2025","Provisional assignment of new diseases of uncertain etiology or emergency use","Emergency use of U07","COVID-19, virus identified","U00-U49","U07","U071","COVID-19","Infectious disease caused by the SARS-CoV-2 virus.","Ecuador","EC","ECU","Americas","Latin America and the Caribbean","Region of the Americas","Coronavirus dashboard"
"106","2025EGYB04","2025","Viral infections characterized by skin and mucous membrane lesions","Monkeypox","Monkeypox","B00-B09","B04","B04","Monkeypox","A disease caused by an infection with monkeypox virus. In the first phase, this disease is characterised by lymphadenopathy, fever, headache, or malaise","Egypt","EG","EGY","Africa","Northern Africa","Eastern Mediterranean Region","DON2936"
"107","2025ESPB04","2025","Viral infections characterized by skin and mucous membrane lesions","Monkeypox","Monkeypox","B00-B09","B04","B04","Monkeypox","A disease caused by an infection with monkeypox virus. In the first phase, this disease is characterised by lymphadenopathy, fever, headache, or malaise","Spain","ES","ESP","Europe","Southern Europe","European Region","DON2936"
"108","2025ESPJ090","2025","Influenza and pneumonia","Influenza due to identified zoonotic or pandemic influenza virus","Influenza due to identified zoonotic or pandemic influenza virus","J09-J18","J09","J090","Influenza due to identified zoonotic or pandemic influenza virus","Influenza, caused by influenza virus strains of special epidemiological importance with an animal-human or inter-human transmission.","Spain","ES","ESP","Europe","Southern Europe","European Region","DON2938"
"109","2025ESTJ090","2025","Influenza and pneumonia","Influenza due to identified zoonotic or pandemic influenza virus","Influenza due to identified zoonotic or pandemic influenza virus","J09-J18","J09","J090","Influenza due to identified zoonotic or pandemic influenza virus","Influenza, caused by influenza virus strains of special epidemiological importance with an animal-human or inter-human transmission.","Estonia","EE","EST","Europe","Northern Europe","European Region","DON2938"
"110","2025ESTU071","2025","Provisional assignment of new diseases of uncertain etiology or emergency use","Emergency use of U07","COVID-19, virus identified","U00-U49","U07","U071","COVID-19","Infectious disease caused by the SARS-CoV-2 virus.","Estonia","EE","EST","Europe","Northern Europe","European Region","Coronavirus dashboard"
"111","2025ETHA000","2025","Intestinal infectious diseases","Cholera","Classical cholera","A00-A09","A00","A000","Cholera","Intestinal infection due to Vibrio cholerae","Ethiopia","ET","ETH","Africa","Sub-Saharan Africa","African Region","DON2928"
"112","2025ETHA983","2025","Arthropod-borne viral fevers and viral haemorrhagic fevers","Other viral haemorrhagic fevers, not elsewhere classified","Marburg virus disease","A92-A99","A98","A983","Marburg disease","A severe disease with high case fatality caused by infection with Marburg virus or a closely related virus. Marburg disease is typically characterised by acute onset of fever with non-specific symptoms/signs (e.g., abdominal pain, anorexia, fatigue, malaise, myalgia, sore throat) usually followed several days later by nausea, vomiting, diarrhoea, and occasionally a variable rash. Severe illness may include haemorrhagic manifestations (e.g., bleeding from puncture sites, ecchymoses, petechiae, visceral effusions), encephalopathy, shock/hypotension, multi-organ failure. Common laboratory findings include thrombocytopenia, elevated transaminase concentrations, electrolyte abnormalities, and signs of renal dysfunction. Individuals who recover may experience prolonged sequelae (e.g., arthralgia, neurocognitive dysfunction, uveitis), and clinical and subclinical persistent infection may occur in immune-privileged compartments (e.g., CNS, eyes, testes). Person-to-person transmission occurs by direct contact with blood, other bodily fluids, organs, or contaminated surfaces and materials with risk beginning at the onset of clinical signs and increasing with disease severity. Family members, sexual contacts, healthcare providers, and participants in burial ceremonies with direct contact with the deceased are at particular risk. The incubation period typically is 7–11 days (range ≈2–21 days).","Ethiopia","ET","ETH","Africa","Sub-Saharan Africa","African Region","DON2933"
"113","2025ETHJ090","2025","Influenza and pneumonia","Influenza due to identified zoonotic or pandemic influenza virus","Influenza due to identified zoonotic or pandemic influenza virus","J09-J18","J09","J090","Influenza due to identified zoonotic or pandemic influenza virus","Influenza, caused by influenza virus strains of special epidemiological importance with an animal-human or inter-human transmission.","Ethiopia","ET","ETH","Africa","Sub-Saharan Africa","African Region","DON2938"
"114","2025ETHU071","2025","Provisional assignment of new diseases of uncertain etiology or emergency use","Emergency use of U07","COVID-19, virus identified","U00-U49","U07","U071","COVID-19","Infectious disease caused by the SARS-CoV-2 virus.","Ethiopia","ET","ETH","Africa","Sub-Saharan Africa","African Region","Coronavirus dashboard"
"115","2025FINJ090","2025","Influenza and pneumonia","Influenza due to identified zoonotic or pandemic influenza virus","Influenza due to identified zoonotic or pandemic influenza virus","J09-J18","J09","J090","Influenza due to identified zoonotic or pandemic influenza virus","Influenza, caused by influenza virus strains of special epidemiological importance with an animal-human or inter-human transmission.","Finland","FI","FIN","Europe","Northern Europe","European Region","DON2938"
"116","2025FINU071","2025","Provisional assignment of new diseases of uncertain etiology or emergency use","Emergency use of U07","COVID-19, virus identified","U00-U49","U07","U071","COVID-19","Infectious disease caused by the SARS-CoV-2 virus.","Finland","FI","FIN","Europe","Northern Europe","European Region","Coronavirus dashboard"
"117","2025FJIJ090","2025","Influenza and pneumonia","Influenza due to identified zoonotic or pandemic influenza virus","Influenza due to identified zoonotic or pandemic influenza virus","J09-J18","J09","J090","Influenza due to identified zoonotic or pandemic influenza virus","Influenza, caused by influenza virus strains of special epidemiological importance with an animal-human or inter-human transmission.","Fiji","FJ","FJI","Oceania","Melanesia","Western Pacific Region","DON2938"
"118","2025FRAA920","2025","Arthropod-borne viral fevers and viral haemorrhagic fevers","Other mosquito-borne viral fevers","Chikungunya virus disease","A92-A99","A92","A920","Chikungunya mosquito-borne viral fever","Individuals are infected with the virus through a mosquito bite from Aedes mosquitos (Aedes albopictus and A. aegypti). Concomitant fever and arthalgia are a common specific sign although infection can present with non-specific symptoms that can be confused with Dengue including headache, rash and myalgia. Free virions are transported via the blood to the liver (hepatocyte apoptosis), muscle, joints and secondary lymphoid organs (adenopathy), wherein the virus replicates. Viral replication is associated with an infiltration of mononuclear cells including macrophages, which underlies the debilitating pain experienced in the muscles and joints, which can persist for months to years post infection. A small percentage of infected individuals remain asymptomatic, this is more common in patients under 25 years old. Age over 40 years is a risk factor for chronicity of symptoms. Encephalitis, Guillain-Barre sundrome and arthritis are rare complications of infection with Chikungya virus.","France","FR","FRA","Europe","Western Europe","European Region","DON2931"
"119","2025FRAB04","2025","Viral infections characterized by skin and mucous membrane lesions","Monkeypox","Monkeypox","B00-B09","B04","B04","Monkeypox","A disease caused by an infection with monkeypox virus. In the first phase, this disease is characterised by lymphadenopathy, fever, headache, or malaise","France","FR","FRA","Europe","Western Europe","European Region","DON2936"
"120","2025FRAJ090","2025","Influenza and pneumonia","Influenza due to identified zoonotic or pandemic influenza virus","Influenza due to identified zoonotic or pandemic influenza virus","J09-J18","J09","J090","Influenza due to identified zoonotic or pandemic influenza virus","Influenza, caused by influenza virus strains of special epidemiological importance with an animal-human or inter-human transmission.","France","FR","FRA","Europe","Western Europe","European Region","DON2938"
"121","2025FRAU040","2025","Provisional assignment of new diseases of uncertain etiology or emergency use","Severe acute respiratory syndrome [SARS]","Middle East respiratory syndrome coronavirus [MERS-CoV]","U00-U49","U04","U040","Middle East respiratory syndrome","A disease caused by an infection with Middle East Respiratory Syndrome coronavirus (MERS-CoA). This disease is characterised by severe acute respiratory illness with fever, cough, and shortness of breath. Confirmation is by identification of Middle East Respiratory Syndrome coronavirus from genetic material.","France","FR","FRA","Europe","Western Europe","European Region","DON2939"
"122","2025FRAU071","2025","Provisional assignment of new diseases of uncertain etiology or emergency use","Emergency use of U07","COVID-19, virus identified","U00-U49","U07","U071","COVID-19","Infectious disease caused by the SARS-CoV-2 virus.","France","FR","FRA","Europe","Western Europe","European Region","Coronavirus dashboard"
"123","2025FSMJ090","2025","Influenza and pneumonia","Influenza due to identified zoonotic or pandemic influenza virus","Influenza due to identified zoonotic or pandemic influenza virus","J09-J18","J09","J090","Influenza due to identified zoonotic or pandemic influenza virus","Influenza, caused by influenza virus strains of special epidemiological importance with an animal-human or inter-human transmission.","Micronesia (Federated States of)","FM","FSM","Oceania","Micronesia","Western Pacific Region","DON2938"
"124","2025GABJ090","2025","Influenza and pneumonia","Influenza due to identified zoonotic or pandemic influenza virus","Influenza due to identified zoonotic or pandemic influenza virus","J09-J18","J09","J090","Influenza due to identified zoonotic or pandemic influenza virus","Influenza, caused by influenza virus strains of special epidemiological importance with an animal-human or inter-human transmission.","Gabon","GA","GAB","Africa","Sub-Saharan Africa","African Region","DON2938"
"125","2025GABU071","2025","Provisional assignment of new diseases of uncertain etiology or emergency use","Emergency use of U07","COVID-19, virus identified","U00-U49","U07","U071","COVID-19","Infectious disease caused by the SARS-CoV-2 virus.","Gabon","GA","GAB","Africa","Sub-Saharan Africa","African Region","Coronavirus dashboard"
"126","2025GBRB04","2025","Viral infections characterized by skin and mucous membrane lesions","Monkeypox","Monkeypox","B00-B09","B04","B04","Monkeypox","A disease caused by an infection with monkeypox virus. In the first phase, this disease is characterised by lymphadenopathy, fever, headache, or malaise","United Kingdom of Great Britain and Northern Ireland","GB","GBR","Europe","Northern Europe","European Region","DON2936"
"127","2025GBRJ090","2025","Influenza and pneumonia","Influenza due to identified zoonotic or pandemic influenza virus","Influenza due to identified zoonotic or pandemic influenza virus","J09-J18","J09","J090","Influenza due to identified zoonotic or pandemic influenza virus","Influenza, caused by influenza virus strains of special epidemiological importance with an animal-human or inter-human transmission.","United Kingdom of Great Britain and Northern Ireland","GB","GBR","Europe","Northern Europe","European Region","DON2938"
"128","2025GBRU071","2025","Provisional assignment of new diseases of uncertain etiology or emergency use","Emergency use of U07","COVID-19, virus identified","U00-U49","U07","U071","COVID-19","Infectious disease caused by the SARS-CoV-2 virus.","United Kingdom of Great Britain and Northern Ireland","GB","GBR","Europe","Northern Europe","European Region","Coronavirus dashboard"
"129","2025GEOJ090","2025","Influenza and pneumonia","Influenza due to identified zoonotic or pandemic influenza virus","Influenza due to identified zoonotic or pandemic influenza virus","J09-J18","J09","J090","Influenza due to identified zoonotic or pandemic influenza virus","Influenza, caused by influenza virus strains of special epidemiological importance with an animal-human or inter-human transmission.","Georgia","GE","GEO","Asia","Western Asia","European Region","DON2938"
"130","2025GEOU071","2025","Provisional assignment of new diseases of uncertain etiology or emergency use","Emergency use of U07","COVID-19, virus identified","U00-U49","U07","U071","COVID-19","Infectious disease caused by the SARS-CoV-2 virus.","Georgia","GE","GEO","Asia","Western Asia","European Region","Coronavirus dashboard"
"131","2025GHAA000","2025","Intestinal infectious diseases","Cholera","Classical cholera","A00-A09","A00","A000","Cholera","Intestinal infection due to Vibrio cholerae","Ghana","GH","GHA","Africa","Sub-Saharan Africa","African Region","DON2928"
"132","2025GHAU071","2025","Provisional assignment of new diseases of uncertain etiology or emergency use","Emergency use of U07","COVID-19, virus identified","U00-U49","U07","U071","COVID-19","Infectious disease caused by the SARS-CoV-2 virus.","Ghana","GH","GHA","Africa","Sub-Saharan Africa","African Region","Coronavirus dashboard"
"133","2025GINA369","2025","Other bacterial diseases","Diphtheria","Diphtheria, unspecified","A30-A49","A36","A369","Diphtheria, unspecified","A disease commonly of the respiratory system, caused by an infection of the gram-positive bacteria Corynebacterium diphtheriae. This disease is characterised by sore throat, fever, and a pseudomembrane on the tonsils, pharynx, or nasal cavity. Transmission is by inhalation of infected respiratory secretions, or direct cutaneous contact. Confirmation is by identification of Corynebacterium diphtheriae from a throat swab or infected tissue, and by clinical signs.","Guinea","GN","GIN","Africa","Sub-Saharan Africa","African Region","DON2934"
"134","2025GINJ090","2025","Influenza and pneumonia","Influenza due to identified zoonotic or pandemic influenza virus","Influenza due to identified zoonotic or pandemic influenza virus","J09-J18","J09","J090","Influenza due to identified zoonotic or pandemic influenza virus","Influenza, caused by influenza virus strains of special epidemiological importance with an animal-human or inter-human transmission.","Guinea","GN","GIN","Africa","Sub-Saharan Africa","African Region","DON2938"
"135","2025GINU071","2025","Provisional assignment of new diseases of uncertain etiology or emergency use","Emergency use of U07","COVID-19, virus identified","U00-U49","U07","U071","COVID-19","Infectious disease caused by the SARS-CoV-2 virus.","Guinea","GN","GIN","Africa","Sub-Saharan Africa","African Region","Coronavirus dashboard"
"136","2025GRCB04","2025","Viral infections characterized by skin and mucous membrane lesions","Monkeypox","Monkeypox","B00-B09","B04","B04","Monkeypox","A disease caused by an infection with monkeypox virus. In the first phase, this disease is characterised by lymphadenopathy, fever, headache, or malaise","Greece","GR","GRC","Europe","Southern Europe","European Region","DON2936"
"137","2025GRCJ090","2025","Influenza and pneumonia","Influenza due to identified zoonotic or pandemic influenza virus","Influenza due to identified zoonotic or pandemic influenza virus","J09-J18","J09","J090","Influenza due to identified zoonotic or pandemic influenza virus","Influenza, caused by influenza virus strains of special epidemiological importance with an animal-human or inter-human transmission.","Greece","GR","GRC","Europe","Southern Europe","European Region","DON2938"
"138","2025GRCU071","2025","Provisional assignment of new diseases of uncertain etiology or emergency use","Emergency use of U07","COVID-19, virus identified","U00-U49","U07","U071","COVID-19","Infectious disease caused by the SARS-CoV-2 virus.","Greece","GR","GRC","Europe","Southern Europe","European Region","Coronavirus dashboard"
"139","2025GRDA920","2025","Arthropod-borne viral fevers and viral haemorrhagic fevers","Other mosquito-borne viral fevers","Chikungunya virus disease","A92-A99","A92","A920","Chikungunya mosquito-borne viral fever","Individuals are infected with the virus through a mosquito bite from Aedes mosquitos (Aedes albopictus and A. aegypti). Concomitant fever and arthalgia are a common specific sign although infection can present with non-specific symptoms that can be confused with Dengue including headache, rash and myalgia. Free virions are transported via the blood to the liver (hepatocyte apoptosis), muscle, joints and secondary lymphoid organs (adenopathy), wherein the virus replicates. Viral replication is associated with an infiltration of mononuclear cells including macrophages, which underlies the debilitating pain experienced in the muscles and joints, which can persist for months to years post infection. A small percentage of infected individuals remain asymptomatic, this is more common in patients under 25 years old. Age over 40 years is a risk factor for chronicity of symptoms. Encephalitis, Guillain-Barre sundrome and arthritis are rare complications of infection with Chikungya virus.","Grenada","GD","GRD","Americas","Latin America and the Caribbean","Region of the Americas","DON2931"
"140","2025GTMJ090","2025","Influenza and pneumonia","Influenza due to identified zoonotic or pandemic influenza virus","Influenza due to identified zoonotic or pandemic influenza virus","J09-J18","J09","J090","Influenza due to identified zoonotic or pandemic influenza virus","Influenza, caused by influenza virus strains of special epidemiological importance with an animal-human or inter-human transmission.","Guatemala","GT","GTM","Americas","Latin America and the Caribbean","Region of the Americas","DON2938"
"141","2025GTMU071","2025","Provisional assignment of new diseases of uncertain etiology or emergency use","Emergency use of U07","COVID-19, virus identified","U00-U49","U07","U071","COVID-19","Infectious disease caused by the SARS-CoV-2 virus.","Guatemala","GT","GTM","Americas","Latin America and the Caribbean","Region of the Americas","Coronavirus dashboard"
"142","2025GUMJ090","2025","Influenza and pneumonia","Influenza due to identified zoonotic or pandemic influenza virus","Influenza due to identified zoonotic or pandemic influenza virus","J09-J18","J09","J090","Influenza due to identified zoonotic or pandemic influenza virus","Influenza, caused by influenza virus strains of special epidemiological importance with an animal-human or inter-human transmission.","Guam","GU","GUM","Oceania","Micronesia",NA,"DON2938"
"143","2025GUYJ090","2025","Influenza and pneumonia","Influenza due to identified zoonotic or pandemic influenza virus","Influenza due to identified zoonotic or pandemic influenza virus","J09-J18","J09","J090","Influenza due to identified zoonotic or pandemic influenza virus","Influenza, caused by influenza virus strains of special epidemiological importance with an animal-human or inter-human transmission.","Guyana","GY","GUY","Americas","Latin America and the Caribbean","Region of the Americas","DON2938"
"144","2025GUYU071","2025","Provisional assignment of new diseases of uncertain etiology or emergency use","Emergency use of U07","COVID-19, virus identified","U00-U49","U07","U071","COVID-19","Infectious disease caused by the SARS-CoV-2 virus.","Guyana","GY","GUY","Americas","Latin America and the Caribbean","Region of the Americas","Coronavirus dashboard"
"145","2025HKGJ090","2025","Influenza and pneumonia","Influenza due to identified zoonotic or pandemic influenza virus","Influenza due to identified zoonotic or pandemic influenza virus","J09-J18","J09","J090","Influenza due to identified zoonotic or pandemic influenza virus","Influenza, caused by influenza virus strains of special epidemiological importance with an animal-human or inter-human transmission.","Hong Kong","HK","HKG","Asia","Eastern Asia",NA,"DON2938"
"146","2025HNDJ090","2025","Influenza and pneumonia","Influenza due to identified zoonotic or pandemic influenza virus","Influenza due to identified zoonotic or pandemic influenza virus","J09-J18","J09","J090","Influenza due to identified zoonotic or pandemic influenza virus","Influenza, caused by influenza virus strains of special epidemiological importance with an animal-human or inter-human transmission.","Honduras","HN","HND","Americas","Latin America and the Caribbean","Region of the Americas","DON2938"
"147","2025HNDU071","2025","Provisional assignment of new diseases of uncertain etiology or emergency use","Emergency use of U07","COVID-19, virus identified","U00-U49","U07","U071","COVID-19","Infectious disease caused by the SARS-CoV-2 virus.","Honduras","HN","HND","Americas","Latin America and the Caribbean","Region of the Americas","Coronavirus dashboard"
"148","2025HRVJ090","2025","Influenza and pneumonia","Influenza due to identified zoonotic or pandemic influenza virus","Influenza due to identified zoonotic or pandemic influenza virus","J09-J18","J09","J090","Influenza due to identified zoonotic or pandemic influenza virus","Influenza, caused by influenza virus strains of special epidemiological importance with an animal-human or inter-human transmission.","Croatia","HR","HRV","Europe","Southern Europe","European Region","DON2938"
"149","2025HRVU071","2025","Provisional assignment of new diseases of uncertain etiology or emergency use","Emergency use of U07","COVID-19, virus identified","U00-U49","U07","U071","COVID-19","Infectious disease caused by the SARS-CoV-2 virus.","Croatia","HR","HRV","Europe","Southern Europe","European Region","Coronavirus dashboard"
"150","2025HTIA000","2025","Intestinal infectious diseases","Cholera","Classical cholera","A00-A09","A00","A000","Cholera","Intestinal infection due to Vibrio cholerae","Haiti","HT","HTI","Americas","Latin America and the Caribbean","Region of the Americas","DON2928"
"151","2025HTIA920","2025","Arthropod-borne viral fevers and viral haemorrhagic fevers","Other mosquito-borne viral fevers","Chikungunya virus disease","A92-A99","A92","A920","Chikungunya mosquito-borne viral fever","Individuals are infected with the virus through a mosquito bite from Aedes mosquitos (Aedes albopictus and A. aegypti). Concomitant fever and arthalgia are a common specific sign although infection can present with non-specific symptoms that can be confused with Dengue including headache, rash and myalgia. Free virions are transported via the blood to the liver (hepatocyte apoptosis), muscle, joints and secondary lymphoid organs (adenopathy), wherein the virus replicates. Viral replication is associated with an infiltration of mononuclear cells including macrophages, which underlies the debilitating pain experienced in the muscles and joints, which can persist for months to years post infection. A small percentage of infected individuals remain asymptomatic, this is more common in patients under 25 years old. Age over 40 years is a risk factor for chronicity of symptoms. Encephalitis, Guillain-Barre sundrome and arthritis are rare complications of infection with Chikungya virus.","Haiti","HT","HTI","Americas","Latin America and the Caribbean","Region of the Americas","DON2931"
"152","2025HTIU071","2025","Provisional assignment of new diseases of uncertain etiology or emergency use","Emergency use of U07","COVID-19, virus identified","U00-U49","U07","U071","COVID-19","Infectious disease caused by the SARS-CoV-2 virus.","Haiti","HT","HTI","Americas","Latin America and the Caribbean","Region of the Americas","Coronavirus dashboard"
"153","2025HUNJ090","2025","Influenza and pneumonia","Influenza due to identified zoonotic or pandemic influenza virus","Influenza due to identified zoonotic or pandemic influenza virus","J09-J18","J09","J090","Influenza due to identified zoonotic or pandemic influenza virus","Influenza, caused by influenza virus strains of special epidemiological importance with an animal-human or inter-human transmission.","Hungary","HU","HUN","Europe","Eastern Europe","European Region","DON2938"
"154","2025HUNU071","2025","Provisional assignment of new diseases of uncertain etiology or emergency use","Emergency use of U07","COVID-19, virus identified","U00-U49","U07","U071","COVID-19","Infectious disease caused by the SARS-CoV-2 virus.","Hungary","HU","HUN","Europe","Eastern Europe","European Region","Coronavirus dashboard"
"155","2025IDNA920","2025","Arthropod-borne viral fevers and viral haemorrhagic fevers","Other mosquito-borne viral fevers","Chikungunya virus disease","A92-A99","A92","A920","Chikungunya mosquito-borne viral fever","Individuals are infected with the virus through a mosquito bite from Aedes mosquitos (Aedes albopictus and A. aegypti). Concomitant fever and arthalgia are a common specific sign although infection can present with non-specific symptoms that can be confused with Dengue including headache, rash and myalgia. Free virions are transported via the blood to the liver (hepatocyte apoptosis), muscle, joints and secondary lymphoid organs (adenopathy), wherein the virus replicates. Viral replication is associated with an infiltration of mononuclear cells including macrophages, which underlies the debilitating pain experienced in the muscles and joints, which can persist for months to years post infection. A small percentage of infected individuals remain asymptomatic, this is more common in patients under 25 years old. Age over 40 years is a risk factor for chronicity of symptoms. Encephalitis, Guillain-Barre sundrome and arthritis are rare complications of infection with Chikungya virus.","Indonesia","ID","IDN","Asia","South-eastern Asia","South-East Asia Region","DON2931"
"156","2025IDNJ090","2025","Influenza and pneumonia","Influenza due to identified zoonotic or pandemic influenza virus","Influenza due to identified zoonotic or pandemic influenza virus","J09-J18","J09","J090","Influenza due to identified zoonotic or pandemic influenza virus","Influenza, caused by influenza virus strains of special epidemiological importance with an animal-human or inter-human transmission.","Indonesia","ID","IDN","Asia","South-eastern Asia","South-East Asia Region","DON2938"
"157","2025IDNU071","2025","Provisional assignment of new diseases of uncertain etiology or emergency use","Emergency use of U07","COVID-19, virus identified","U00-U49","U07","U071","COVID-19","Infectious disease caused by the SARS-CoV-2 virus.","Indonesia","ID","IDN","Asia","South-eastern Asia","South-East Asia Region","Coronavirus dashboard"
"158","2025INDA000","2025","Intestinal infectious diseases","Cholera","Classical cholera","A00-A09","A00","A000","Cholera","Intestinal infection due to Vibrio cholerae","India","IN","IND","Asia","Southern Asia","South-East Asia Region","DON2928"
"159","2025INDA920","2025","Arthropod-borne viral fevers and viral haemorrhagic fevers","Other mosquito-borne viral fevers","Chikungunya virus disease","A92-A99","A92","A920","Chikungunya mosquito-borne viral fever","Individuals are infected with the virus through a mosquito bite from Aedes mosquitos (Aedes albopictus and A. aegypti). Concomitant fever and arthalgia are a common specific sign although infection can present with non-specific symptoms that can be confused with Dengue including headache, rash and myalgia. Free virions are transported via the blood to the liver (hepatocyte apoptosis), muscle, joints and secondary lymphoid organs (adenopathy), wherein the virus replicates. Viral replication is associated with an infiltration of mononuclear cells including macrophages, which underlies the debilitating pain experienced in the muscles and joints, which can persist for months to years post infection. A small percentage of infected individuals remain asymptomatic, this is more common in patients under 25 years old. Age over 40 years is a risk factor for chronicity of symptoms. Encephalitis, Guillain-Barre sundrome and arthritis are rare complications of infection with Chikungya virus.","India","IN","IND","Asia","Southern Asia","South-East Asia Region","DON2931"
"160","2025INDA925","2025","Arthropod-borne viral fevers and viral haemorrhagic fevers","Other mosquito-borne viral fevers","Zika virus disease","A92-A99","A92","A925","Zika virus disease","Zika virus infection is caused by the bite of an infected Aedes mosquito. The most common symptoms of Zika virus infection are mild fever and exanthema (skin rash), usually accompanied by conjunctivitis, muscle or joint pain, and general malaise that begins 2-7 days after the bite of the infected mosquito.","India","IN","IND","Asia","Southern Asia","South-East Asia Region","DON2903"
"161","2025INDB348","2025","Other viral diseases","Viral infection of unspecified site","Other viral infections of unspecified site","B25-B34","B34","B348","Unspecified viral disease",NA,"India","IN","IND","Asia","Southern Asia","South-East Asia Region","DON2926"
"162","2025INDU071","2025","Provisional assignment of new diseases of uncertain etiology or emergency use","Emergency use of U07","COVID-19, virus identified","U00-U49","U07","U071","COVID-19","Infectious disease caused by the SARS-CoV-2 virus.","India","IN","IND","Asia","Southern Asia","South-East Asia Region","Coronavirus dashboard"
"163","2025IRLB04","2025","Viral infections characterized by skin and mucous membrane lesions","Monkeypox","Monkeypox","B00-B09","B04","B04","Monkeypox","A disease caused by an infection with monkeypox virus. In the first phase, this disease is characterised by lymphadenopathy, fever, headache, or malaise","Ireland","IE","IRL","Europe","Northern Europe","European Region","DON2936"
"164","2025IRLJ090","2025","Influenza and pneumonia","Influenza due to identified zoonotic or pandemic influenza virus","Influenza due to identified zoonotic or pandemic influenza virus","J09-J18","J09","J090","Influenza due to identified zoonotic or pandemic influenza virus","Influenza, caused by influenza virus strains of special epidemiological importance with an animal-human or inter-human transmission.","Ireland","IE","IRL","Europe","Northern Europe","European Region","DON2938"
"165","2025IRLU071","2025","Provisional assignment of new diseases of uncertain etiology or emergency use","Emergency use of U07","COVID-19, virus identified","U00-U49","U07","U071","COVID-19","Infectious disease caused by the SARS-CoV-2 virus.","Ireland","IE","IRL","Europe","Northern Europe","European Region","Coronavirus dashboard"
"166","2025IRQJ090","2025","Influenza and pneumonia","Influenza due to identified zoonotic or pandemic influenza virus","Influenza due to identified zoonotic or pandemic influenza virus","J09-J18","J09","J090","Influenza due to identified zoonotic or pandemic influenza virus","Influenza, caused by influenza virus strains of special epidemiological importance with an animal-human or inter-human transmission.","Iraq","IQ","IRQ","Asia","Western Asia","Eastern Mediterranean Region","DON2938"
"167","2025ISLJ090","2025","Influenza and pneumonia","Influenza due to identified zoonotic or pandemic influenza virus","Influenza due to identified zoonotic or pandemic influenza virus","J09-J18","J09","J090","Influenza due to identified zoonotic or pandemic influenza virus","Influenza, caused by influenza virus strains of special epidemiological importance with an animal-human or inter-human transmission.","Iceland","IS","ISL","Europe","Northern Europe","European Region","DON2938"
"168","2025ISLU071","2025","Provisional assignment of new diseases of uncertain etiology or emergency use","Emergency use of U07","COVID-19, virus identified","U00-U49","U07","U071","COVID-19","Infectious disease caused by the SARS-CoV-2 virus.","Iceland","IS","ISL","Europe","Northern Europe","European Region","Coronavirus dashboard"
"169","2025ISRA809","2025","Viral infections of the central nervous system","Acute poliomyelitis","Acute poliomyelitis, unspecified","A80-A89","A80","A809","Acute poliomyelitis, unspecified","A disease of the nervous system, caused by human poliovirus. This disease commonly presents with a fever, sore throat, headache, vomiting, or stiffness of the neck and back. This disease may present with an acute onset of flaccid paralysis. Transmission is commonly by the faecal-oral route or direct contact. Confirmation is by identification of poliovirus in a faecal sample or by a lumbar puncture.","Israel","IL","ISR","Asia","Western Asia","European Region","DON2927"
"170","2025ISRJ090","2025","Influenza and pneumonia","Influenza due to identified zoonotic or pandemic influenza virus","Influenza due to identified zoonotic or pandemic influenza virus","J09-J18","J09","J090","Influenza due to identified zoonotic or pandemic influenza virus","Influenza, caused by influenza virus strains of special epidemiological importance with an animal-human or inter-human transmission.","Israel","IL","ISR","Asia","Western Asia","European Region","DON2938"
"171","2025ISRU071","2025","Provisional assignment of new diseases of uncertain etiology or emergency use","Emergency use of U07","COVID-19, virus identified","U00-U49","U07","U071","COVID-19","Infectious disease caused by the SARS-CoV-2 virus.","Israel","IL","ISR","Asia","Western Asia","European Region","Coronavirus dashboard"
"172","2025ITAA920","2025","Arthropod-borne viral fevers and viral haemorrhagic fevers","Other mosquito-borne viral fevers","Chikungunya virus disease","A92-A99","A92","A920","Chikungunya mosquito-borne viral fever","Individuals are infected with the virus through a mosquito bite from Aedes mosquitos (Aedes albopictus and A. aegypti). Concomitant fever and arthalgia are a common specific sign although infection can present with non-specific symptoms that can be confused with Dengue including headache, rash and myalgia. Free virions are transported via the blood to the liver (hepatocyte apoptosis), muscle, joints and secondary lymphoid organs (adenopathy), wherein the virus replicates. Viral replication is associated with an infiltration of mononuclear cells including macrophages, which underlies the debilitating pain experienced in the muscles and joints, which can persist for months to years post infection. A small percentage of infected individuals remain asymptomatic, this is more common in patients under 25 years old. Age over 40 years is a risk factor for chronicity of symptoms. Encephalitis, Guillain-Barre sundrome and arthritis are rare complications of infection with Chikungya virus.","Italy","IT","ITA","Europe","Southern Europe","European Region","DON2931"
"173","2025ITAB04","2025","Viral infections characterized by skin and mucous membrane lesions","Monkeypox","Monkeypox","B00-B09","B04","B04","Monkeypox","A disease caused by an infection with monkeypox virus. In the first phase, this disease is characterised by lymphadenopathy, fever, headache, or malaise","Italy","IT","ITA","Europe","Southern Europe","European Region","DON2936"
"174","2025ITAJ090","2025","Influenza and pneumonia","Influenza due to identified zoonotic or pandemic influenza virus","Influenza due to identified zoonotic or pandemic influenza virus","J09-J18","J09","J090","Influenza due to identified zoonotic or pandemic influenza virus","Influenza, caused by influenza virus strains of special epidemiological importance with an animal-human or inter-human transmission.","Italy","IT","ITA","Europe","Southern Europe","European Region","DON2938"
"175","2025ITAU071","2025","Provisional assignment of new diseases of uncertain etiology or emergency use","Emergency use of U07","COVID-19, virus identified","U00-U49","U07","U071","COVID-19","Infectious disease caused by the SARS-CoV-2 virus.","Italy","IT","ITA","Europe","Southern Europe","European Region","Coronavirus dashboard"
"176","2025JAMU071","2025","Provisional assignment of new diseases of uncertain etiology or emergency use","Emergency use of U07","COVID-19, virus identified","U00-U49","U07","U071","COVID-19","Infectious disease caused by the SARS-CoV-2 virus.","Jamaica","JM","JAM","Americas","Latin America and the Caribbean","Region of the Americas","Coronavirus dashboard"
"177","2025JPNA920","2025","Arthropod-borne viral fevers and viral haemorrhagic fevers","Other mosquito-borne viral fevers","Chikungunya virus disease","A92-A99","A92","A920","Chikungunya mosquito-borne viral fever","Individuals are infected with the virus through a mosquito bite from Aedes mosquitos (Aedes albopictus and A. aegypti). Concomitant fever and arthalgia are a common specific sign although infection can present with non-specific symptoms that can be confused with Dengue including headache, rash and myalgia. Free virions are transported via the blood to the liver (hepatocyte apoptosis), muscle, joints and secondary lymphoid organs (adenopathy), wherein the virus replicates. Viral replication is associated with an infiltration of mononuclear cells including macrophages, which underlies the debilitating pain experienced in the muscles and joints, which can persist for months to years post infection. A small percentage of infected individuals remain asymptomatic, this is more common in patients under 25 years old. Age over 40 years is a risk factor for chronicity of symptoms. Encephalitis, Guillain-Barre sundrome and arthritis are rare complications of infection with Chikungya virus.","Japan","JP","JPN","Asia","Eastern Asia","Western Pacific Region","DON2931"
"178","2025JPNB04","2025","Viral infections characterized by skin and mucous membrane lesions","Monkeypox","Monkeypox","B00-B09","B04","B04","Monkeypox","A disease caused by an infection with monkeypox virus. In the first phase, this disease is characterised by lymphadenopathy, fever, headache, or malaise","Japan","JP","JPN","Asia","Eastern Asia","Western Pacific Region","DON2936"
"179","2025KAZJ090","2025","Influenza and pneumonia","Influenza due to identified zoonotic or pandemic influenza virus","Influenza due to identified zoonotic or pandemic influenza virus","J09-J18","J09","J090","Influenza due to identified zoonotic or pandemic influenza virus","Influenza, caused by influenza virus strains of special epidemiological importance with an animal-human or inter-human transmission.","Kazakhstan","KZ","KAZ","Asia","Central Asia","European Region","DON2938"
"180","2025KENA000","2025","Intestinal infectious diseases","Cholera","Classical cholera","A00-A09","A00","A000","Cholera","Intestinal infection due to Vibrio cholerae","Kenya","KE","KEN","Africa","Sub-Saharan Africa","African Region","DON2928"
"181","2025KENA920","2025","Arthropod-borne viral fevers and viral haemorrhagic fevers","Other mosquito-borne viral fevers","Chikungunya virus disease","A92-A99","A92","A920","Chikungunya mosquito-borne viral fever","Individuals are infected with the virus through a mosquito bite from Aedes mosquitos (Aedes albopictus and A. aegypti). Concomitant fever and arthalgia are a common specific sign although infection can present with non-specific symptoms that can be confused with Dengue including headache, rash and myalgia. Free virions are transported via the blood to the liver (hepatocyte apoptosis), muscle, joints and secondary lymphoid organs (adenopathy), wherein the virus replicates. Viral replication is associated with an infiltration of mononuclear cells including macrophages, which underlies the debilitating pain experienced in the muscles and joints, which can persist for months to years post infection. A small percentage of infected individuals remain asymptomatic, this is more common in patients under 25 years old. Age over 40 years is a risk factor for chronicity of symptoms. Encephalitis, Guillain-Barre sundrome and arthritis are rare complications of infection with Chikungya virus.","Kenya","KE","KEN","Africa","Sub-Saharan Africa","African Region","DON2931"
"182","2025KENB04","2025","Viral infections characterized by skin and mucous membrane lesions","Monkeypox","Monkeypox","B00-B09","B04","B04","Monkeypox","A disease caused by an infection with monkeypox virus. In the first phase, this disease is characterised by lymphadenopathy, fever, headache, or malaise","Kenya","KE","KEN","Africa","Sub-Saharan Africa","African Region","DON2936"
"183","2025KENU071","2025","Provisional assignment of new diseases of uncertain etiology or emergency use","Emergency use of U07","COVID-19, virus identified","U00-U49","U07","U071","COVID-19","Infectious disease caused by the SARS-CoV-2 virus.","Kenya","KE","KEN","Africa","Sub-Saharan Africa","African Region","Coronavirus dashboard"
"184","2025KGZJ090","2025","Influenza and pneumonia","Influenza due to identified zoonotic or pandemic influenza virus","Influenza due to identified zoonotic or pandemic influenza virus","J09-J18","J09","J090","Influenza due to identified zoonotic or pandemic influenza virus","Influenza, caused by influenza virus strains of special epidemiological importance with an animal-human or inter-human transmission.","Kyrgyzstan","KG","KGZ","Asia","Central Asia","European Region","DON2938"
"185","2025KHMJ090","2025","Influenza and pneumonia","Influenza due to identified zoonotic or pandemic influenza virus","Influenza due to identified zoonotic or pandemic influenza virus","J09-J18","J09","J090","Influenza due to identified zoonotic or pandemic influenza virus","Influenza, caused by influenza virus strains of special epidemiological importance with an animal-human or inter-human transmission.","Cambodia","KH","KHM","Asia","South-eastern Asia","Western Pacific Region","DON2938, DON2924"
"186","2025KIRJ090","2025","Influenza and pneumonia","Influenza due to identified zoonotic or pandemic influenza virus","Influenza due to identified zoonotic or pandemic influenza virus","J09-J18","J09","J090","Influenza due to identified zoonotic or pandemic influenza virus","Influenza, caused by influenza virus strains of special epidemiological importance with an animal-human or inter-human transmission.","Kiribati","KI","KIR","Oceania","Micronesia","Western Pacific Region","DON2938"
"187","2025KORA920","2025","Arthropod-borne viral fevers and viral haemorrhagic fevers","Other mosquito-borne viral fevers","Chikungunya virus disease","A92-A99","A92","A920","Chikungunya mosquito-borne viral fever","Individuals are infected with the virus through a mosquito bite from Aedes mosquitos (Aedes albopictus and A. aegypti). Concomitant fever and arthalgia are a common specific sign although infection can present with non-specific symptoms that can be confused with Dengue including headache, rash and myalgia. Free virions are transported via the blood to the liver (hepatocyte apoptosis), muscle, joints and secondary lymphoid organs (adenopathy), wherein the virus replicates. Viral replication is associated with an infiltration of mononuclear cells including macrophages, which underlies the debilitating pain experienced in the muscles and joints, which can persist for months to years post infection. A small percentage of infected individuals remain asymptomatic, this is more common in patients under 25 years old. Age over 40 years is a risk factor for chronicity of symptoms. Encephalitis, Guillain-Barre sundrome and arthritis are rare complications of infection with Chikungya virus.","Korea Republic of","KR","KOR","Asia","Eastern Asia","Western Pacific Region","DON2931"
"188","2025KWTJ090","2025","Influenza and pneumonia","Influenza due to identified zoonotic or pandemic influenza virus","Influenza due to identified zoonotic or pandemic influenza virus","J09-J18","J09","J090","Influenza due to identified zoonotic or pandemic influenza virus","Influenza, caused by influenza virus strains of special epidemiological importance with an animal-human or inter-human transmission.","Kuwait","KW","KWT","Asia","Western Asia","Eastern Mediterranean Region","DON2938"
"189","2025LAOJ090","2025","Influenza and pneumonia","Influenza due to identified zoonotic or pandemic influenza virus","Influenza due to identified zoonotic or pandemic influenza virus","J09-J18","J09","J090","Influenza due to identified zoonotic or pandemic influenza virus","Influenza, caused by influenza virus strains of special epidemiological importance with an animal-human or inter-human transmission.","Lao People's Democratic Republic","LA","LAO","Asia","South-eastern Asia","Western Pacific Region","DON2938"
"190","2025LBNB04","2025","Viral infections characterized by skin and mucous membrane lesions","Monkeypox","Monkeypox","B00-B09","B04","B04","Monkeypox","A disease caused by an infection with monkeypox virus. In the first phase, this disease is characterised by lymphadenopathy, fever, headache, or malaise","Lebanon","LB","LBN","Asia","Western Asia","Eastern Mediterranean Region","DON2936"
"191","2025LBNJ090","2025","Influenza and pneumonia","Influenza due to identified zoonotic or pandemic influenza virus","Influenza due to identified zoonotic or pandemic influenza virus","J09-J18","J09","J090","Influenza due to identified zoonotic or pandemic influenza virus","Influenza, caused by influenza virus strains of special epidemiological importance with an animal-human or inter-human transmission.","Lebanon","LB","LBN","Asia","Western Asia","Eastern Mediterranean Region","DON2938"
"192","2025LBYJ090","2025","Influenza and pneumonia","Influenza due to identified zoonotic or pandemic influenza virus","Influenza due to identified zoonotic or pandemic influenza virus","J09-J18","J09","J090","Influenza due to identified zoonotic or pandemic influenza virus","Influenza, caused by influenza virus strains of special epidemiological importance with an animal-human or inter-human transmission.","Libya","LY","LBY","Africa","Northern Africa","Eastern Mediterranean Region","DON2938"
"193","2025LCAJ090","2025","Influenza and pneumonia","Influenza due to identified zoonotic or pandemic influenza virus","Influenza due to identified zoonotic or pandemic influenza virus","J09-J18","J09","J090","Influenza due to identified zoonotic or pandemic influenza virus","Influenza, caused by influenza virus strains of special epidemiological importance with an animal-human or inter-human transmission.","Saint Lucia","LC","LCA","Americas","Latin America and the Caribbean","Region of the Americas","DON2938"
"194","2025LCAU071","2025","Provisional assignment of new diseases of uncertain etiology or emergency use","Emergency use of U07","COVID-19, virus identified","U00-U49","U07","U071","COVID-19","Infectious disease caused by the SARS-CoV-2 virus.","Saint Lucia","LC","LCA","Americas","Latin America and the Caribbean","Region of the Americas","Coronavirus dashboard"
"195","2025LIEU071","2025","Provisional assignment of new diseases of uncertain etiology or emergency use","Emergency use of U07","COVID-19, virus identified","U00-U49","U07","U071","COVID-19","Infectious disease caused by the SARS-CoV-2 virus.","Liechtenstein","LI","LIE","Europe","Western Europe",NA,"Coronavirus dashboard"
"196","2025LKAA920","2025","Arthropod-borne viral fevers and viral haemorrhagic fevers","Other mosquito-borne viral fevers","Chikungunya virus disease","A92-A99","A92","A920","Chikungunya mosquito-borne viral fever","Individuals are infected with the virus through a mosquito bite from Aedes mosquitos (Aedes albopictus and A. aegypti). Concomitant fever and arthalgia are a common specific sign although infection can present with non-specific symptoms that can be confused with Dengue including headache, rash and myalgia. Free virions are transported via the blood to the liver (hepatocyte apoptosis), muscle, joints and secondary lymphoid organs (adenopathy), wherein the virus replicates. Viral replication is associated with an infiltration of mononuclear cells including macrophages, which underlies the debilitating pain experienced in the muscles and joints, which can persist for months to years post infection. A small percentage of infected individuals remain asymptomatic, this is more common in patients under 25 years old. Age over 40 years is a risk factor for chronicity of symptoms. Encephalitis, Guillain-Barre sundrome and arthritis are rare complications of infection with Chikungya virus.","Sri Lanka","LK","LKA","Asia","Southern Asia","South-East Asia Region","DON2931"
"197","2025LKAJ090","2025","Influenza and pneumonia","Influenza due to identified zoonotic or pandemic influenza virus","Influenza due to identified zoonotic or pandemic influenza virus","J09-J18","J09","J090","Influenza due to identified zoonotic or pandemic influenza virus","Influenza, caused by influenza virus strains of special epidemiological importance with an animal-human or inter-human transmission.","Sri Lanka","LK","LKA","Asia","Southern Asia","South-East Asia Region","DON2938"
"198","2025LSOU071","2025","Provisional assignment of new diseases of uncertain etiology or emergency use","Emergency use of U07","COVID-19, virus identified","U00-U49","U07","U071","COVID-19","Infectious disease caused by the SARS-CoV-2 virus.","Lesotho","LS","LSO","Africa","Sub-Saharan Africa","African Region","Coronavirus dashboard"
"199","2025LTUJ090","2025","Influenza and pneumonia","Influenza due to identified zoonotic or pandemic influenza virus","Influenza due to identified zoonotic or pandemic influenza virus","J09-J18","J09","J090","Influenza due to identified zoonotic or pandemic influenza virus","Influenza, caused by influenza virus strains of special epidemiological importance with an animal-human or inter-human transmission.","Lithuania","LT","LTU","Europe","Northern Europe","European Region","DON2938"
"200","2025LTUU071","2025","Provisional assignment of new diseases of uncertain etiology or emergency use","Emergency use of U07","COVID-19, virus identified","U00-U49","U07","U071","COVID-19","Infectious disease caused by the SARS-CoV-2 virus.","Lithuania","LT","LTU","Europe","Northern Europe","European Region","Coronavirus dashboard"
"201","2025LUXJ090","2025","Influenza and pneumonia","Influenza due to identified zoonotic or pandemic influenza virus","Influenza due to identified zoonotic or pandemic influenza virus","J09-J18","J09","J090","Influenza due to identified zoonotic or pandemic influenza virus","Influenza, caused by influenza virus strains of special epidemiological importance with an animal-human or inter-human transmission.","Luxembourg","LU","LUX","Europe","Western Europe","European Region","DON2938"
"202","2025LUXU071","2025","Provisional assignment of new diseases of uncertain etiology or emergency use","Emergency use of U07","COVID-19, virus identified","U00-U49","U07","U071","COVID-19","Infectious disease caused by the SARS-CoV-2 virus.","Luxembourg","LU","LUX","Europe","Western Europe","European Region","Coronavirus dashboard"
"203","2025LVAJ090","2025","Influenza and pneumonia","Influenza due to identified zoonotic or pandemic influenza virus","Influenza due to identified zoonotic or pandemic influenza virus","J09-J18","J09","J090","Influenza due to identified zoonotic or pandemic influenza virus","Influenza, caused by influenza virus strains of special epidemiological importance with an animal-human or inter-human transmission.","Latvia","LV","LVA","Europe","Northern Europe","European Region","DON2938"
"204","2025LVAU071","2025","Provisional assignment of new diseases of uncertain etiology or emergency use","Emergency use of U07","COVID-19, virus identified","U00-U49","U07","U071","COVID-19","Infectious disease caused by the SARS-CoV-2 virus.","Latvia","LV","LVA","Europe","Northern Europe","European Region","Coronavirus dashboard"
"205","2025MARB05","2025","Viral infections characterized by skin and mucous membrane lesions","Measles","Measles","B00-B09","B05","B05","Measles","A disease of the respiratory system, caused by an infection with Morbillivirus. This disease is characterised by a blotchy rash, fever, cough, conjunctivitis, or malaise. This disease may also present with tiny white spots with bluish-white centres inside the mouth. Transmission is by inhalation of infected respiratory secretions, airborne transmission or direct contact. Confirmation is by detection of Morbillivirus RNA or measles-specific IgM antibodies.","Morocco","MA","MAR","Africa","Northern Africa","Eastern Mediterranean Region","DON2919"
"206","2025MARJ090","2025","Influenza and pneumonia","Influenza due to identified zoonotic or pandemic influenza virus","Influenza due to identified zoonotic or pandemic influenza virus","J09-J18","J09","J090","Influenza due to identified zoonotic or pandemic influenza virus","Influenza, caused by influenza virus strains of special epidemiological importance with an animal-human or inter-human transmission.","Morocco","MA","MAR","Africa","Northern Africa","Eastern Mediterranean Region","DON2938"
"207","2025MDAJ090","2025","Influenza and pneumonia","Influenza due to identified zoonotic or pandemic influenza virus","Influenza due to identified zoonotic or pandemic influenza virus","J09-J18","J09","J090","Influenza due to identified zoonotic or pandemic influenza virus","Influenza, caused by influenza virus strains of special epidemiological importance with an animal-human or inter-human transmission.","Moldova Republic of","MD","MDA","Europe","Eastern Europe","European Region","DON2938"
"208","2025MDAU071","2025","Provisional assignment of new diseases of uncertain etiology or emergency use","Emergency use of U07","COVID-19, virus identified","U00-U49","U07","U071","COVID-19","Infectious disease caused by the SARS-CoV-2 virus.","Moldova Republic of","MD","MDA","Europe","Eastern Europe","European Region","Coronavirus dashboard"
"209","2025MDGJ090","2025","Influenza and pneumonia","Influenza due to identified zoonotic or pandemic influenza virus","Influenza due to identified zoonotic or pandemic influenza virus","J09-J18","J09","J090","Influenza due to identified zoonotic or pandemic influenza virus","Influenza, caused by influenza virus strains of special epidemiological importance with an animal-human or inter-human transmission.","Madagascar","MG","MDG","Africa","Sub-Saharan Africa","African Region","DON2938"
"210","2025MDGU071","2025","Provisional assignment of new diseases of uncertain etiology or emergency use","Emergency use of U07","COVID-19, virus identified","U00-U49","U07","U071","COVID-19","Infectious disease caused by the SARS-CoV-2 virus.","Madagascar","MG","MDG","Africa","Sub-Saharan Africa","African Region","Coronavirus dashboard"
"211","2025MDVJ090","2025","Influenza and pneumonia","Influenza due to identified zoonotic or pandemic influenza virus","Influenza due to identified zoonotic or pandemic influenza virus","J09-J18","J09","J090","Influenza due to identified zoonotic or pandemic influenza virus","Influenza, caused by influenza virus strains of special epidemiological importance with an animal-human or inter-human transmission.","Maldives","MV","MDV","Asia","Southern Asia","South-East Asia Region","DON2938"
"212","2025MEXB05","2025","Viral infections characterized by skin and mucous membrane lesions","Measles","Measles","B00-B09","B05","B05","Measles","A disease of the respiratory system, caused by an infection with Morbillivirus. This disease is characterised by a blotchy rash, fever, cough, conjunctivitis, or malaise. This disease may also present with tiny white spots with bluish-white centres inside the mouth. Transmission is by inhalation of infected respiratory secretions, airborne transmission or direct contact. Confirmation is by detection of Morbillivirus RNA or measles-specific IgM antibodies.","Mexico","MX","MEX","Americas","Latin America and the Caribbean","Region of the Americas","DON2916"
"213","2025MEXJ090","2025","Influenza and pneumonia","Influenza due to identified zoonotic or pandemic influenza virus","Influenza due to identified zoonotic or pandemic influenza virus","J09-J18","J09","J090","Influenza due to identified zoonotic or pandemic influenza virus","Influenza, caused by influenza virus strains of special epidemiological importance with an animal-human or inter-human transmission.","Mexico","MX","MEX","Americas","Latin America and the Caribbean","Region of the Americas","DON2938, DON2914"
"214","2025MEXU071","2025","Provisional assignment of new diseases of uncertain etiology or emergency use","Emergency use of U07","COVID-19, virus identified","U00-U49","U07","U071","COVID-19","Infectious disease caused by the SARS-CoV-2 virus.","Mexico","MX","MEX","Americas","Latin America and the Caribbean","Region of the Americas","Coronavirus dashboard"
"215","2025MHLJ090","2025","Influenza and pneumonia","Influenza due to identified zoonotic or pandemic influenza virus","Influenza due to identified zoonotic or pandemic influenza virus","J09-J18","J09","J090","Influenza due to identified zoonotic or pandemic influenza virus","Influenza, caused by influenza virus strains of special epidemiological importance with an animal-human or inter-human transmission.","Marshall Islands","MH","MHL","Oceania","Micronesia","Western Pacific Region","DON2938"
"216","2025MKDJ090","2025","Influenza and pneumonia","Influenza due to identified zoonotic or pandemic influenza virus","Influenza due to identified zoonotic or pandemic influenza virus","J09-J18","J09","J090","Influenza due to identified zoonotic or pandemic influenza virus","Influenza, caused by influenza virus strains of special epidemiological importance with an animal-human or inter-human transmission.","North Macedonia","MK","MKD","Europe","Southern Europe","European Region","DON2938"
"217","2025MKDU071","2025","Provisional assignment of new diseases of uncertain etiology or emergency use","Emergency use of U07","COVID-19, virus identified","U00-U49","U07","U071","COVID-19","Infectious disease caused by the SARS-CoV-2 virus.","North Macedonia","MK","MKD","Europe","Southern Europe","European Region","Coronavirus dashboard"
"218","2025MLIA369","2025","Other bacterial diseases","Diphtheria","Diphtheria, unspecified","A30-A49","A36","A369","Diphtheria, unspecified","A disease commonly of the respiratory system, caused by an infection of the gram-positive bacteria Corynebacterium diphtheriae. This disease is characterised by sore throat, fever, and a pseudomembrane on the tonsils, pharynx, or nasal cavity. Transmission is by inhalation of infected respiratory secretions, or direct cutaneous contact. Confirmation is by identification of Corynebacterium diphtheriae from a throat swab or infected tissue, and by clinical signs.","Mali","ML","MLI","Africa","Sub-Saharan Africa","African Region","DON2934"
"219","2025MLIU071","2025","Provisional assignment of new diseases of uncertain etiology or emergency use","Emergency use of U07","COVID-19, virus identified","U00-U49","U07","U071","COVID-19","Infectious disease caused by the SARS-CoV-2 virus.","Mali","ML","MLI","Africa","Sub-Saharan Africa","African Region","Coronavirus dashboard"
"220","2025MLTJ090","2025","Influenza and pneumonia","Influenza due to identified zoonotic or pandemic influenza virus","Influenza due to identified zoonotic or pandemic influenza virus","J09-J18","J09","J090","Influenza due to identified zoonotic or pandemic influenza virus","Influenza, caused by influenza virus strains of special epidemiological importance with an animal-human or inter-human transmission.","Malta","MT","MLT","Europe","Southern Europe","European Region","DON2938"
"221","2025MLTU071","2025","Provisional assignment of new diseases of uncertain etiology or emergency use","Emergency use of U07","COVID-19, virus identified","U00-U49","U07","U071","COVID-19","Infectious disease caused by the SARS-CoV-2 virus.","Malta","MT","MLT","Europe","Southern Europe","European Region","Coronavirus dashboard"
"222","2025MMRA000","2025","Intestinal infectious diseases","Cholera","Classical cholera","A00-A09","A00","A000","Cholera","Intestinal infection due to Vibrio cholerae","Myanmar","MM","MMR","Asia","South-eastern Asia","South-East Asia Region","DON2928"
"223","2025MMRU071","2025","Provisional assignment of new diseases of uncertain etiology or emergency use","Emergency use of U07","COVID-19, virus identified","U00-U49","U07","U071","COVID-19","Infectious disease caused by the SARS-CoV-2 virus.","Myanmar","MM","MMR","Asia","South-eastern Asia","South-East Asia Region","Coronavirus dashboard"
"224","2025MNEJ090","2025","Influenza and pneumonia","Influenza due to identified zoonotic or pandemic influenza virus","Influenza due to identified zoonotic or pandemic influenza virus","J09-J18","J09","J090","Influenza due to identified zoonotic or pandemic influenza virus","Influenza, caused by influenza virus strains of special epidemiological importance with an animal-human or inter-human transmission.","Montenegro","ME","MNE","Europe","Southern Europe","European Region","DON2938"
"225","2025MNPJ090","2025","Influenza and pneumonia","Influenza due to identified zoonotic or pandemic influenza virus","Influenza due to identified zoonotic or pandemic influenza virus","J09-J18","J09","J090","Influenza due to identified zoonotic or pandemic influenza virus","Influenza, caused by influenza virus strains of special epidemiological importance with an animal-human or inter-human transmission.","Northern Mariana Islands","MP","MNP","Oceania","Micronesia",NA,"DON2938"
"226","2025MOZA000","2025","Intestinal infectious diseases","Cholera","Classical cholera","A00-A09","A00","A000","Cholera","Intestinal infection due to Vibrio cholerae","Mozambique","MZ","MOZ","Africa","Sub-Saharan Africa","African Region","DON2928"
"227","2025MOZB04","2025","Viral infections characterized by skin and mucous membrane lesions","Monkeypox","Monkeypox","B00-B09","B04","B04","Monkeypox","A disease caused by an infection with monkeypox virus. In the first phase, this disease is characterised by lymphadenopathy, fever, headache, or malaise","Mozambique","MZ","MOZ","Africa","Sub-Saharan Africa","African Region","DON2936"
"228","2025MOZJ090","2025","Influenza and pneumonia","Influenza due to identified zoonotic or pandemic influenza virus","Influenza due to identified zoonotic or pandemic influenza virus","J09-J18","J09","J090","Influenza due to identified zoonotic or pandemic influenza virus","Influenza, caused by influenza virus strains of special epidemiological importance with an animal-human or inter-human transmission.","Mozambique","MZ","MOZ","Africa","Sub-Saharan Africa","African Region","DON2938"
"229","2025MOZU071","2025","Provisional assignment of new diseases of uncertain etiology or emergency use","Emergency use of U07","COVID-19, virus identified","U00-U49","U07","U071","COVID-19","Infectious disease caused by the SARS-CoV-2 virus.","Mozambique","MZ","MOZ","Africa","Sub-Saharan Africa","African Region","Coronavirus dashboard"
"230","2025MRTA369","2025","Other bacterial diseases","Diphtheria","Diphtheria, unspecified","A30-A49","A36","A369","Diphtheria, unspecified","A disease commonly of the respiratory system, caused by an infection of the gram-positive bacteria Corynebacterium diphtheriae. This disease is characterised by sore throat, fever, and a pseudomembrane on the tonsils, pharynx, or nasal cavity. Transmission is by inhalation of infected respiratory secretions, or direct cutaneous contact. Confirmation is by identification of Corynebacterium diphtheriae from a throat swab or infected tissue, and by clinical signs.","Mauritania","MR","MRT","Africa","Sub-Saharan Africa","African Region","DON2934"
"231","2025MRTA924","2025","Arthropod-borne viral fevers and viral haemorrhagic fevers","Other mosquito-borne viral fevers","Rift Valley fever","A92-A99","A92","A924","Rift Valley fever","A disease caused by an infection with Rift Valley fever virus. This disease is commonly asymptomatic. This disease may also present with fever, liver abnormalities, weakness, back pain, or dizziness. Transmission is through the bite of an infected mosquito. Confirmation is commonly by detection of Rift Valley fever virus specific IgM or IgG antibodies in a blood sample.","Mauritania","MR","MRT","Africa","Sub-Saharan Africa","African Region","DON2932"
"232","2025MRTU071","2025","Provisional assignment of new diseases of uncertain etiology or emergency use","Emergency use of U07","COVID-19, virus identified","U00-U49","U07","U071","COVID-19","Infectious disease caused by the SARS-CoV-2 virus.","Mauritania","MR","MRT","Africa","Sub-Saharan Africa","African Region","Coronavirus dashboard"
"233","2025MUSA920","2025","Arthropod-borne viral fevers and viral haemorrhagic fevers","Other mosquito-borne viral fevers","Chikungunya virus disease","A92-A99","A92","A920","Chikungunya mosquito-borne viral fever","Individuals are infected with the virus through a mosquito bite from Aedes mosquitos (Aedes albopictus and A. aegypti). Concomitant fever and arthalgia are a common specific sign although infection can present with non-specific symptoms that can be confused with Dengue including headache, rash and myalgia. Free virions are transported via the blood to the liver (hepatocyte apoptosis), muscle, joints and secondary lymphoid organs (adenopathy), wherein the virus replicates. Viral replication is associated with an infiltration of mononuclear cells including macrophages, which underlies the debilitating pain experienced in the muscles and joints, which can persist for months to years post infection. A small percentage of infected individuals remain asymptomatic, this is more common in patients under 25 years old. Age over 40 years is a risk factor for chronicity of symptoms. Encephalitis, Guillain-Barre sundrome and arthritis are rare complications of infection with Chikungya virus.","Mauritius","MU","MUS","Africa","Sub-Saharan Africa","African Region","DON2931"
"234","2025MUSU071","2025","Provisional assignment of new diseases of uncertain etiology or emergency use","Emergency use of U07","COVID-19, virus identified","U00-U49","U07","U071","COVID-19","Infectious disease caused by the SARS-CoV-2 virus.","Mauritius","MU","MUS","Africa","Sub-Saharan Africa","African Region","Coronavirus dashboard"
"235","2025MWIA000","2025","Intestinal infectious diseases","Cholera","Classical cholera","A00-A09","A00","A000","Cholera","Intestinal infection due to Vibrio cholerae","Malawi","MW","MWI","Africa","Sub-Saharan Africa","African Region","DON2928"
"236","2025MWIB04","2025","Viral infections characterized by skin and mucous membrane lesions","Monkeypox","Monkeypox","B00-B09","B04","B04","Monkeypox","A disease caused by an infection with monkeypox virus. In the first phase, this disease is characterised by lymphadenopathy, fever, headache, or malaise","Malawi","MW","MWI","Africa","Sub-Saharan Africa","African Region","DON2936"
"237","2025MYSA920","2025","Arthropod-borne viral fevers and viral haemorrhagic fevers","Other mosquito-borne viral fevers","Chikungunya virus disease","A92-A99","A92","A920","Chikungunya mosquito-borne viral fever","Individuals are infected with the virus through a mosquito bite from Aedes mosquitos (Aedes albopictus and A. aegypti). Concomitant fever and arthalgia are a common specific sign although infection can present with non-specific symptoms that can be confused with Dengue including headache, rash and myalgia. Free virions are transported via the blood to the liver (hepatocyte apoptosis), muscle, joints and secondary lymphoid organs (adenopathy), wherein the virus replicates. Viral replication is associated with an infiltration of mononuclear cells including macrophages, which underlies the debilitating pain experienced in the muscles and joints, which can persist for months to years post infection. A small percentage of infected individuals remain asymptomatic, this is more common in patients under 25 years old. Age over 40 years is a risk factor for chronicity of symptoms. Encephalitis, Guillain-Barre sundrome and arthritis are rare complications of infection with Chikungya virus.","Malaysia","MY","MYS","Asia","South-eastern Asia","Western Pacific Region","DON2931"
"238","2025MYSB04","2025","Viral infections characterized by skin and mucous membrane lesions","Monkeypox","Monkeypox","B00-B09","B04","B04","Monkeypox","A disease caused by an infection with monkeypox virus. In the first phase, this disease is characterised by lymphadenopathy, fever, headache, or malaise","Malaysia","MY","MYS","Asia","South-eastern Asia","Western Pacific Region","DON2936"
"239","2025MYTA920","2025","Arthropod-borne viral fevers and viral haemorrhagic fevers","Other mosquito-borne viral fevers","Chikungunya virus disease","A92-A99","A92","A920","Chikungunya mosquito-borne viral fever","Individuals are infected with the virus through a mosquito bite from Aedes mosquitos (Aedes albopictus and A. aegypti). Concomitant fever and arthalgia are a common specific sign although infection can present with non-specific symptoms that can be confused with Dengue including headache, rash and myalgia. Free virions are transported via the blood to the liver (hepatocyte apoptosis), muscle, joints and secondary lymphoid organs (adenopathy), wherein the virus replicates. Viral replication is associated with an infiltration of mononuclear cells including macrophages, which underlies the debilitating pain experienced in the muscles and joints, which can persist for months to years post infection. A small percentage of infected individuals remain asymptomatic, this is more common in patients under 25 years old. Age over 40 years is a risk factor for chronicity of symptoms. Encephalitis, Guillain-Barre sundrome and arthritis are rare complications of infection with Chikungya virus.","Mayotte","YT","MYT","Africa","Sub-Saharan Africa",NA,"DON2931, DON2917"
"240","2025NAMA000","2025","Intestinal infectious diseases","Cholera","Classical cholera","A00-A09","A00","A000","Cholera","Intestinal infection due to Vibrio cholerae","Namibia",NA,"NAM","Africa","Sub-Saharan Africa","African Region","DON2928"
"241","2025NAMB04","2025","Viral infections characterized by skin and mucous membrane lesions","Monkeypox","Monkeypox","B00-B09","B04","B04","Monkeypox","A disease caused by an infection with monkeypox virus. In the first phase, this disease is characterised by lymphadenopathy, fever, headache, or malaise","Namibia",NA,"NAM","Africa","Sub-Saharan Africa","African Region","DON2936"
"242","2025NCLA920","2025","Arthropod-borne viral fevers and viral haemorrhagic fevers","Other mosquito-borne viral fevers","Chikungunya virus disease","A92-A99","A92","A920","Chikungunya mosquito-borne viral fever","Individuals are infected with the virus through a mosquito bite from Aedes mosquitos (Aedes albopictus and A. aegypti). Concomitant fever and arthalgia are a common specific sign although infection can present with non-specific symptoms that can be confused with Dengue including headache, rash and myalgia. Free virions are transported via the blood to the liver (hepatocyte apoptosis), muscle, joints and secondary lymphoid organs (adenopathy), wherein the virus replicates. Viral replication is associated with an infiltration of mononuclear cells including macrophages, which underlies the debilitating pain experienced in the muscles and joints, which can persist for months to years post infection. A small percentage of infected individuals remain asymptomatic, this is more common in patients under 25 years old. Age over 40 years is a risk factor for chronicity of symptoms. Encephalitis, Guillain-Barre sundrome and arthritis are rare complications of infection with Chikungya virus.","New Caledonia","NC","NCL","Oceania","Melanesia",NA,"DON2931"
"243","2025NCLJ090","2025","Influenza and pneumonia","Influenza due to identified zoonotic or pandemic influenza virus","Influenza due to identified zoonotic or pandemic influenza virus","J09-J18","J09","J090","Influenza due to identified zoonotic or pandemic influenza virus","Influenza, caused by influenza virus strains of special epidemiological importance with an animal-human or inter-human transmission.","New Caledonia","NC","NCL","Oceania","Melanesia",NA,"DON2938"
"244","2025NERA369","2025","Other bacterial diseases","Diphtheria","Diphtheria, unspecified","A30-A49","A36","A369","Diphtheria, unspecified","A disease commonly of the respiratory system, caused by an infection of the gram-positive bacteria Corynebacterium diphtheriae. This disease is characterised by sore throat, fever, and a pseudomembrane on the tonsils, pharynx, or nasal cavity. Transmission is by inhalation of infected respiratory secretions, or direct cutaneous contact. Confirmation is by identification of Corynebacterium diphtheriae from a throat swab or infected tissue, and by clinical signs.","Niger","NE","NER","Africa","Sub-Saharan Africa","African Region","DON2934"
"245","2025NERJ090","2025","Influenza and pneumonia","Influenza due to identified zoonotic or pandemic influenza virus","Influenza due to identified zoonotic or pandemic influenza virus","J09-J18","J09","J090","Influenza due to identified zoonotic or pandemic influenza virus","Influenza, caused by influenza virus strains of special epidemiological importance with an animal-human or inter-human transmission.","Niger","NE","NER","Africa","Sub-Saharan Africa","African Region","DON2938"
"246","2025NERU071","2025","Provisional assignment of new diseases of uncertain etiology or emergency use","Emergency use of U07","COVID-19, virus identified","U00-U49","U07","U071","COVID-19","Infectious disease caused by the SARS-CoV-2 virus.","Niger","NE","NER","Africa","Sub-Saharan Africa","African Region","Coronavirus dashboard"
"247","2025NGAA000","2025","Intestinal infectious diseases","Cholera","Classical cholera","A00-A09","A00","A000","Cholera","Intestinal infection due to Vibrio cholerae","Nigeria","NG","NGA","Africa","Sub-Saharan Africa","African Region","DON2928"
"248","2025NGAA369","2025","Other bacterial diseases","Diphtheria","Diphtheria, unspecified","A30-A49","A36","A369","Diphtheria, unspecified","A disease commonly of the respiratory system, caused by an infection of the gram-positive bacteria Corynebacterium diphtheriae. This disease is characterised by sore throat, fever, and a pseudomembrane on the tonsils, pharynx, or nasal cavity. Transmission is by inhalation of infected respiratory secretions, or direct cutaneous contact. Confirmation is by identification of Corynebacterium diphtheriae from a throat swab or infected tissue, and by clinical signs.","Nigeria","NG","NGA","Africa","Sub-Saharan Africa","African Region","DON2934"
"249","2025NGAJ090","2025","Influenza and pneumonia","Influenza due to identified zoonotic or pandemic influenza virus","Influenza due to identified zoonotic or pandemic influenza virus","J09-J18","J09","J090","Influenza due to identified zoonotic or pandemic influenza virus","Influenza, caused by influenza virus strains of special epidemiological importance with an animal-human or inter-human transmission.","Nigeria","NG","NGA","Africa","Sub-Saharan Africa","African Region","DON2938"
"250","2025NGAU071","2025","Provisional assignment of new diseases of uncertain etiology or emergency use","Emergency use of U07","COVID-19, virus identified","U00-U49","U07","U071","COVID-19","Infectious disease caused by the SARS-CoV-2 virus.","Nigeria","NG","NGA","Africa","Sub-Saharan Africa","African Region","Coronavirus dashboard"
"251","2025NICU071","2025","Provisional assignment of new diseases of uncertain etiology or emergency use","Emergency use of U07","COVID-19, virus identified","U00-U49","U07","U071","COVID-19","Infectious disease caused by the SARS-CoV-2 virus.","Nicaragua","NI","NIC","Americas","Latin America and the Caribbean","Region of the Americas","Coronavirus dashboard"
"252","2025NIUJ090","2025","Influenza and pneumonia","Influenza due to identified zoonotic or pandemic influenza virus","Influenza due to identified zoonotic or pandemic influenza virus","J09-J18","J09","J090","Influenza due to identified zoonotic or pandemic influenza virus","Influenza, caused by influenza virus strains of special epidemiological importance with an animal-human or inter-human transmission.","Niue","NU","NIU","Oceania","Polynesia","Western Pacific Region","DON2938"
"253","2025NLDB04","2025","Viral infections characterized by skin and mucous membrane lesions","Monkeypox","Monkeypox","B00-B09","B04","B04","Monkeypox","A disease caused by an infection with monkeypox virus. In the first phase, this disease is characterised by lymphadenopathy, fever, headache, or malaise","Netherlands","NL","NLD","Europe","Western Europe","European Region","DON2936"
"254","2025NLDJ090","2025","Influenza and pneumonia","Influenza due to identified zoonotic or pandemic influenza virus","Influenza due to identified zoonotic or pandemic influenza virus","J09-J18","J09","J090","Influenza due to identified zoonotic or pandemic influenza virus","Influenza, caused by influenza virus strains of special epidemiological importance with an animal-human or inter-human transmission.","Netherlands","NL","NLD","Europe","Western Europe","European Region","DON2938"
"255","2025NLDU071","2025","Provisional assignment of new diseases of uncertain etiology or emergency use","Emergency use of U07","COVID-19, virus identified","U00-U49","U07","U071","COVID-19","Infectious disease caused by the SARS-CoV-2 virus.","Netherlands","NL","NLD","Europe","Western Europe","European Region","Coronavirus dashboard"
"256","2025NORJ090","2025","Influenza and pneumonia","Influenza due to identified zoonotic or pandemic influenza virus","Influenza due to identified zoonotic or pandemic influenza virus","J09-J18","J09","J090","Influenza due to identified zoonotic or pandemic influenza virus","Influenza, caused by influenza virus strains of special epidemiological importance with an animal-human or inter-human transmission.","Norway","NO","NOR","Europe","Northern Europe","European Region","DON2938"
"257","2025NORU071","2025","Provisional assignment of new diseases of uncertain etiology or emergency use","Emergency use of U07","COVID-19, virus identified","U00-U49","U07","U071","COVID-19","Infectious disease caused by the SARS-CoV-2 virus.","Norway","NO","NOR","Europe","Northern Europe","European Region","Coronavirus dashboard"
"258","2025NPLA000","2025","Intestinal infectious diseases","Cholera","Classical cholera","A00-A09","A00","A000","Cholera","Intestinal infection due to Vibrio cholerae","Nepal","NP","NPL","Asia","Southern Asia","South-East Asia Region","DON2928"
"259","2025NPLJ090","2025","Influenza and pneumonia","Influenza due to identified zoonotic or pandemic influenza virus","Influenza due to identified zoonotic or pandemic influenza virus","J09-J18","J09","J090","Influenza due to identified zoonotic or pandemic influenza virus","Influenza, caused by influenza virus strains of special epidemiological importance with an animal-human or inter-human transmission.","Nepal","NP","NPL","Asia","Southern Asia","South-East Asia Region","DON2938"
"260","2025NPLU071","2025","Provisional assignment of new diseases of uncertain etiology or emergency use","Emergency use of U07","COVID-19, virus identified","U00-U49","U07","U071","COVID-19","Infectious disease caused by the SARS-CoV-2 virus.","Nepal","NP","NPL","Asia","Southern Asia","South-East Asia Region","Coronavirus dashboard"
"261","2025NRUJ090","2025","Influenza and pneumonia","Influenza due to identified zoonotic or pandemic influenza virus","Influenza due to identified zoonotic or pandemic influenza virus","J09-J18","J09","J090","Influenza due to identified zoonotic or pandemic influenza virus","Influenza, caused by influenza virus strains of special epidemiological importance with an animal-human or inter-human transmission.","Nauru","NR","NRU","Oceania","Micronesia","Western Pacific Region","DON2938"
"262","2025NZLU071","2025","Provisional assignment of new diseases of uncertain etiology or emergency use","Emergency use of U07","COVID-19, virus identified","U00-U49","U07","U071","COVID-19","Infectious disease caused by the SARS-CoV-2 virus.","New Zealand","NZ","NZL","Oceania","Australia and New Zealand","Western Pacific Region","Coronavirus dashboard"
"263","2025OMNB04","2025","Viral infections characterized by skin and mucous membrane lesions","Monkeypox","Monkeypox","B00-B09","B04","B04","Monkeypox","A disease caused by an infection with monkeypox virus. In the first phase, this disease is characterised by lymphadenopathy, fever, headache, or malaise","Oman","OM","OMN","Asia","Western Asia","Eastern Mediterranean Region","DON2936"
"264","2025OMNJ090","2025","Influenza and pneumonia","Influenza due to identified zoonotic or pandemic influenza virus","Influenza due to identified zoonotic or pandemic influenza virus","J09-J18","J09","J090","Influenza due to identified zoonotic or pandemic influenza virus","Influenza, caused by influenza virus strains of special epidemiological importance with an animal-human or inter-human transmission.","Oman","OM","OMN","Asia","Western Asia","Eastern Mediterranean Region","DON2938"
"265","2025PAKA000","2025","Intestinal infectious diseases","Cholera","Classical cholera","A00-A09","A00","A000","Cholera","Intestinal infection due to Vibrio cholerae","Pakistan","PK","PAK","Asia","Southern Asia","Eastern Mediterranean Region","DON2928"
"266","2025PAKA920","2025","Arthropod-borne viral fevers and viral haemorrhagic fevers","Other mosquito-borne viral fevers","Chikungunya virus disease","A92-A99","A92","A920","Chikungunya mosquito-borne viral fever","Individuals are infected with the virus through a mosquito bite from Aedes mosquitos (Aedes albopictus and A. aegypti). Concomitant fever and arthalgia are a common specific sign although infection can present with non-specific symptoms that can be confused with Dengue including headache, rash and myalgia. Free virions are transported via the blood to the liver (hepatocyte apoptosis), muscle, joints and secondary lymphoid organs (adenopathy), wherein the virus replicates. Viral replication is associated with an infiltration of mononuclear cells including macrophages, which underlies the debilitating pain experienced in the muscles and joints, which can persist for months to years post infection. A small percentage of infected individuals remain asymptomatic, this is more common in patients under 25 years old. Age over 40 years is a risk factor for chronicity of symptoms. Encephalitis, Guillain-Barre sundrome and arthritis are rare complications of infection with Chikungya virus.","Pakistan","PK","PAK","Asia","Southern Asia","Eastern Mediterranean Region","DON2931"
"267","2025PANA920","2025","Arthropod-borne viral fevers and viral haemorrhagic fevers","Other mosquito-borne viral fevers","Chikungunya virus disease","A92-A99","A92","A920","Chikungunya mosquito-borne viral fever","Individuals are infected with the virus through a mosquito bite from Aedes mosquitos (Aedes albopictus and A. aegypti). Concomitant fever and arthalgia are a common specific sign although infection can present with non-specific symptoms that can be confused with Dengue including headache, rash and myalgia. Free virions are transported via the blood to the liver (hepatocyte apoptosis), muscle, joints and secondary lymphoid organs (adenopathy), wherein the virus replicates. Viral replication is associated with an infiltration of mononuclear cells including macrophages, which underlies the debilitating pain experienced in the muscles and joints, which can persist for months to years post infection. A small percentage of infected individuals remain asymptomatic, this is more common in patients under 25 years old. Age over 40 years is a risk factor for chronicity of symptoms. Encephalitis, Guillain-Barre sundrome and arthritis are rare complications of infection with Chikungya virus.","Panama","PA","PAN","Americas","Latin America and the Caribbean","Region of the Americas","DON2931"
"268","2025PANJ090","2025","Influenza and pneumonia","Influenza due to identified zoonotic or pandemic influenza virus","Influenza due to identified zoonotic or pandemic influenza virus","J09-J18","J09","J090","Influenza due to identified zoonotic or pandemic influenza virus","Influenza, caused by influenza virus strains of special epidemiological importance with an animal-human or inter-human transmission.","Panama","PA","PAN","Americas","Latin America and the Caribbean","Region of the Americas","DON2938"
"269","2025PANU071","2025","Provisional assignment of new diseases of uncertain etiology or emergency use","Emergency use of U07","COVID-19, virus identified","U00-U49","U07","U071","COVID-19","Infectious disease caused by the SARS-CoV-2 virus.","Panama","PA","PAN","Americas","Latin America and the Caribbean","Region of the Americas","Coronavirus dashboard"
"270","2025PERA959","2025","Arthropod-borne viral fevers and viral haemorrhagic fevers","Yellow fever","Yellow fever, unspecified","A92-A99","A95","A959","Yellow fever, unspecified","A condition caused by an infection with yellow fever virus. This condition is characterised by fever, chills, headache, myalgia, conjunctival congestion, or relative bradycardia. Severe conditions may also present with increasing fever, jaundice, renal failure, or bleeding. Transmission is through the bite of an infected mosquito. Confirmation is by detection of IgM anti-yellow fever virus antibodies in a serum sample.","Peru","PE","PER","Americas","Latin America and the Caribbean","Region of the Americas","DON2920"
"271","2025PERJ090","2025","Influenza and pneumonia","Influenza due to identified zoonotic or pandemic influenza virus","Influenza due to identified zoonotic or pandemic influenza virus","J09-J18","J09","J090","Influenza due to identified zoonotic or pandemic influenza virus","Influenza, caused by influenza virus strains of special epidemiological importance with an animal-human or inter-human transmission.","Peru","PE","PER","Americas","Latin America and the Caribbean","Region of the Americas","DON2938"
"272","2025PERU071","2025","Provisional assignment of new diseases of uncertain etiology or emergency use","Emergency use of U07","COVID-19, virus identified","U00-U49","U07","U071","COVID-19","Infectious disease caused by the SARS-CoV-2 virus.","Peru","PE","PER","Americas","Latin America and the Caribbean","Region of the Americas","Coronavirus dashboard"
"273","2025PHLA920","2025","Arthropod-borne viral fevers and viral haemorrhagic fevers","Other mosquito-borne viral fevers","Chikungunya virus disease","A92-A99","A92","A920","Chikungunya mosquito-borne viral fever","Individuals are infected with the virus through a mosquito bite from Aedes mosquitos (Aedes albopictus and A. aegypti). Concomitant fever and arthalgia are a common specific sign although infection can present with non-specific symptoms that can be confused with Dengue including headache, rash and myalgia. Free virions are transported via the blood to the liver (hepatocyte apoptosis), muscle, joints and secondary lymphoid organs (adenopathy), wherein the virus replicates. Viral replication is associated with an infiltration of mononuclear cells including macrophages, which underlies the debilitating pain experienced in the muscles and joints, which can persist for months to years post infection. A small percentage of infected individuals remain asymptomatic, this is more common in patients under 25 years old. Age over 40 years is a risk factor for chronicity of symptoms. Encephalitis, Guillain-Barre sundrome and arthritis are rare complications of infection with Chikungya virus.","Philippines","PH","PHL","Asia","South-eastern Asia","Western Pacific Region","DON2931"
"274","2025PLWJ090","2025","Influenza and pneumonia","Influenza due to identified zoonotic or pandemic influenza virus","Influenza due to identified zoonotic or pandemic influenza virus","J09-J18","J09","J090","Influenza due to identified zoonotic or pandemic influenza virus","Influenza, caused by influenza virus strains of special epidemiological importance with an animal-human or inter-human transmission.","Palau","PW","PLW","Oceania","Micronesia","Western Pacific Region","DON2938"
"275","2025PNGA809","2025","Viral infections of the central nervous system","Acute poliomyelitis","Acute poliomyelitis, unspecified","A80-A89","A80","A809","Acute poliomyelitis, unspecified","A disease of the nervous system, caused by human poliovirus. This disease commonly presents with a fever, sore throat, headache, vomiting, or stiffness of the neck and back. This disease may present with an acute onset of flaccid paralysis. Transmission is commonly by the faecal-oral route or direct contact. Confirmation is by identification of poliovirus in a faecal sample or by a lumbar puncture.","Papua New Guinea","PG","PNG","Oceania","Melanesia","Western Pacific Region","DON2921"
"276","2025POLJ090","2025","Influenza and pneumonia","Influenza due to identified zoonotic or pandemic influenza virus","Influenza due to identified zoonotic or pandemic influenza virus","J09-J18","J09","J090","Influenza due to identified zoonotic or pandemic influenza virus","Influenza, caused by influenza virus strains of special epidemiological importance with an animal-human or inter-human transmission.","Poland","PL","POL","Europe","Eastern Europe","European Region","DON2938"
"277","2025POLU071","2025","Provisional assignment of new diseases of uncertain etiology or emergency use","Emergency use of U07","COVID-19, virus identified","U00-U49","U07","U071","COVID-19","Infectious disease caused by the SARS-CoV-2 virus.","Poland","PL","POL","Europe","Eastern Europe","European Region","Coronavirus dashboard"
"278","2025PRKJ090","2025","Influenza and pneumonia","Influenza due to identified zoonotic or pandemic influenza virus","Influenza due to identified zoonotic or pandemic influenza virus","J09-J18","J09","J090","Influenza due to identified zoonotic or pandemic influenza virus","Influenza, caused by influenza virus strains of special epidemiological importance with an animal-human or inter-human transmission.","Korea (Democratic People's Republic of)","KP","PRK","Asia","Eastern Asia","South-East Asia Region","DON2938"
"279","2025PRTB04","2025","Viral infections characterized by skin and mucous membrane lesions","Monkeypox","Monkeypox","B00-B09","B04","B04","Monkeypox","A disease caused by an infection with monkeypox virus. In the first phase, this disease is characterised by lymphadenopathy, fever, headache, or malaise","Portugal","PT","PRT","Europe","Southern Europe","European Region","DON2936"
"280","2025PRTU071","2025","Provisional assignment of new diseases of uncertain etiology or emergency use","Emergency use of U07","COVID-19, virus identified","U00-U49","U07","U071","COVID-19","Infectious disease caused by the SARS-CoV-2 virus.","Portugal","PT","PRT","Europe","Southern Europe","European Region","Coronavirus dashboard"
"281","2025PRYA920","2025","Arthropod-borne viral fevers and viral haemorrhagic fevers","Other mosquito-borne viral fevers","Chikungunya virus disease","A92-A99","A92","A920","Chikungunya mosquito-borne viral fever","Individuals are infected with the virus through a mosquito bite from Aedes mosquitos (Aedes albopictus and A. aegypti). Concomitant fever and arthalgia are a common specific sign although infection can present with non-specific symptoms that can be confused with Dengue including headache, rash and myalgia. Free virions are transported via the blood to the liver (hepatocyte apoptosis), muscle, joints and secondary lymphoid organs (adenopathy), wherein the virus replicates. Viral replication is associated with an infiltration of mononuclear cells including macrophages, which underlies the debilitating pain experienced in the muscles and joints, which can persist for months to years post infection. A small percentage of infected individuals remain asymptomatic, this is more common in patients under 25 years old. Age over 40 years is a risk factor for chronicity of symptoms. Encephalitis, Guillain-Barre sundrome and arthritis are rare complications of infection with Chikungya virus.","Paraguay","PY","PRY","Americas","Latin America and the Caribbean","Region of the Americas","DON2931"
"282","2025PRYJ090","2025","Influenza and pneumonia","Influenza due to identified zoonotic or pandemic influenza virus","Influenza due to identified zoonotic or pandemic influenza virus","J09-J18","J09","J090","Influenza due to identified zoonotic or pandemic influenza virus","Influenza, caused by influenza virus strains of special epidemiological importance with an animal-human or inter-human transmission.","Paraguay","PY","PRY","Americas","Latin America and the Caribbean","Region of the Americas","DON2938"
"283","2025PYFJ090","2025","Influenza and pneumonia","Influenza due to identified zoonotic or pandemic influenza virus","Influenza due to identified zoonotic or pandemic influenza virus","J09-J18","J09","J090","Influenza due to identified zoonotic or pandemic influenza virus","Influenza, caused by influenza virus strains of special epidemiological importance with an animal-human or inter-human transmission.","French Polynesia","PF","PYF","Oceania","Polynesia",NA,"DON2938"
"284","2025QATB04","2025","Viral infections characterized by skin and mucous membrane lesions","Monkeypox","Monkeypox","B00-B09","B04","B04","Monkeypox","A disease caused by an infection with monkeypox virus. In the first phase, this disease is characterised by lymphadenopathy, fever, headache, or malaise","Qatar","QA","QAT","Asia","Western Asia","Eastern Mediterranean Region","DON2936"
"285","2025QATJ090","2025","Influenza and pneumonia","Influenza due to identified zoonotic or pandemic influenza virus","Influenza due to identified zoonotic or pandemic influenza virus","J09-J18","J09","J090","Influenza due to identified zoonotic or pandemic influenza virus","Influenza, caused by influenza virus strains of special epidemiological importance with an animal-human or inter-human transmission.","Qatar","QA","QAT","Asia","Western Asia","Eastern Mediterranean Region","DON2938"
"286","2025REUA920","2025","Arthropod-borne viral fevers and viral haemorrhagic fevers","Other mosquito-borne viral fevers","Chikungunya virus disease","A92-A99","A92","A920","Chikungunya mosquito-borne viral fever","Individuals are infected with the virus through a mosquito bite from Aedes mosquitos (Aedes albopictus and A. aegypti). Concomitant fever and arthalgia are a common specific sign although infection can present with non-specific symptoms that can be confused with Dengue including headache, rash and myalgia. Free virions are transported via the blood to the liver (hepatocyte apoptosis), muscle, joints and secondary lymphoid organs (adenopathy), wherein the virus replicates. Viral replication is associated with an infiltration of mononuclear cells including macrophages, which underlies the debilitating pain experienced in the muscles and joints, which can persist for months to years post infection. A small percentage of infected individuals remain asymptomatic, this is more common in patients under 25 years old. Age over 40 years is a risk factor for chronicity of symptoms. Encephalitis, Guillain-Barre sundrome and arthritis are rare complications of infection with Chikungya virus.","Réunion","RE","REU","Africa","Sub-Saharan Africa",NA,"DON2931, DON2917"
"287","2025ROUJ090","2025","Influenza and pneumonia","Influenza due to identified zoonotic or pandemic influenza virus","Influenza due to identified zoonotic or pandemic influenza virus","J09-J18","J09","J090","Influenza due to identified zoonotic or pandemic influenza virus","Influenza, caused by influenza virus strains of special epidemiological importance with an animal-human or inter-human transmission.","Romania","RO","ROU","Europe","Eastern Europe","European Region","DON2938"
"288","2025ROUU071","2025","Provisional assignment of new diseases of uncertain etiology or emergency use","Emergency use of U07","COVID-19, virus identified","U00-U49","U07","U071","COVID-19","Infectious disease caused by the SARS-CoV-2 virus.","Romania","RO","ROU","Europe","Eastern Europe","European Region","Coronavirus dashboard"
"289","2025RUSB04","2025","Viral infections characterized by skin and mucous membrane lesions","Monkeypox","Monkeypox","B00-B09","B04","B04","Monkeypox","A disease caused by an infection with monkeypox virus. In the first phase, this disease is characterised by lymphadenopathy, fever, headache, or malaise","Russian Federation","RU","RUS","Europe","Eastern Europe","European Region","DON2936"
"290","2025RUSJ090","2025","Influenza and pneumonia","Influenza due to identified zoonotic or pandemic influenza virus","Influenza due to identified zoonotic or pandemic influenza virus","J09-J18","J09","J090","Influenza due to identified zoonotic or pandemic influenza virus","Influenza, caused by influenza virus strains of special epidemiological importance with an animal-human or inter-human transmission.","Russian Federation","RU","RUS","Europe","Eastern Europe","European Region","DON2938"
"291","2025RUSU071","2025","Provisional assignment of new diseases of uncertain etiology or emergency use","Emergency use of U07","COVID-19, virus identified","U00-U49","U07","U071","COVID-19","Infectious disease caused by the SARS-CoV-2 virus.","Russian Federation","RU","RUS","Europe","Eastern Europe","European Region","Coronavirus dashboard"
"292","2025RWAA000","2025","Intestinal infectious diseases","Cholera","Classical cholera","A00-A09","A00","A000","Cholera","Intestinal infection due to Vibrio cholerae","Rwanda","RW","RWA","Africa","Sub-Saharan Africa","African Region","DON2928"
"293","2025RWAB04","2025","Viral infections characterized by skin and mucous membrane lesions","Monkeypox","Monkeypox","B00-B09","B04","B04","Monkeypox","A disease caused by an infection with monkeypox virus. In the first phase, this disease is characterised by lymphadenopathy, fever, headache, or malaise","Rwanda","RW","RWA","Africa","Sub-Saharan Africa","African Region","DON2936"
"294","2025RWAU071","2025","Provisional assignment of new diseases of uncertain etiology or emergency use","Emergency use of U07","COVID-19, virus identified","U00-U49","U07","U071","COVID-19","Infectious disease caused by the SARS-CoV-2 virus.","Rwanda","RW","RWA","Africa","Sub-Saharan Africa","African Region","Coronavirus dashboard"
"295","2025SAUA390","2025","Other bacterial diseases","Meningococcal infection","Meningococcal meningitis","A30-A49","A39","A390","Meningococcal meningitis","A condition of the meninges, caused by an infection with the gram-negative bacteria Neisseria meningitidis. This condition is characterised by high fever, stiff neck, severe headache, vomiting, purpura, photophobia, and sometimes chills, altered mental status, or seizures. Transmission is through haematogenous spread to the meninges after droplet transmission or direct contact. Confirmation is by identification of Neisseria meningitidis through a lumbar puncture, agglutination tests, or polymerase chain reaction.","Saudi Arabia","SA","SAU","Asia","Western Asia","Eastern Mediterranean Region","DON2913"
"296","2025SAUJ090","2025","Influenza and pneumonia","Influenza due to identified zoonotic or pandemic influenza virus","Influenza due to identified zoonotic or pandemic influenza virus","J09-J18","J09","J090","Influenza due to identified zoonotic or pandemic influenza virus","Influenza, caused by influenza virus strains of special epidemiological importance with an animal-human or inter-human transmission.","Saudi Arabia","SA","SAU","Asia","Western Asia","Eastern Mediterranean Region","DON2938"
"297","2025SAUU040","2025","Provisional assignment of new diseases of uncertain etiology or emergency use","Severe acute respiratory syndrome [SARS]","Middle East respiratory syndrome coronavirus [MERS-CoV]","U00-U49","U04","U040","Middle East respiratory syndrome","A disease caused by an infection with Middle East Respiratory Syndrome coronavirus (MERS-CoA). This disease is characterised by severe acute respiratory illness with fever, cough, and shortness of breath. Confirmation is by identification of Middle East Respiratory Syndrome coronavirus from genetic material.","Saudi Arabia","SA","SAU","Asia","Western Asia","Eastern Mediterranean Region","DON2939, DON2918, DON2910"
"298","2025SDNA000","2025","Intestinal infectious diseases","Cholera","Classical cholera","A00-A09","A00","A000","Cholera","Intestinal infection due to Vibrio cholerae","Sudan","SD","SDN","Africa","Northern Africa","Eastern Mediterranean Region","DON2928"
"299","2025SDNJ090","2025","Influenza and pneumonia","Influenza due to identified zoonotic or pandemic influenza virus","Influenza due to identified zoonotic or pandemic influenza virus","J09-J18","J09","J090","Influenza due to identified zoonotic or pandemic influenza virus","Influenza, caused by influenza virus strains of special epidemiological importance with an animal-human or inter-human transmission.","Sudan","SD","SDN","Africa","Northern Africa","Eastern Mediterranean Region","DON2938"
"300","2025SENA920","2025","Arthropod-borne viral fevers and viral haemorrhagic fevers","Other mosquito-borne viral fevers","Chikungunya virus disease","A92-A99","A92","A920","Chikungunya mosquito-borne viral fever","Individuals are infected with the virus through a mosquito bite from Aedes mosquitos (Aedes albopictus and A. aegypti). Concomitant fever and arthalgia are a common specific sign although infection can present with non-specific symptoms that can be confused with Dengue including headache, rash and myalgia. Free virions are transported via the blood to the liver (hepatocyte apoptosis), muscle, joints and secondary lymphoid organs (adenopathy), wherein the virus replicates. Viral replication is associated with an infiltration of mononuclear cells including macrophages, which underlies the debilitating pain experienced in the muscles and joints, which can persist for months to years post infection. A small percentage of infected individuals remain asymptomatic, this is more common in patients under 25 years old. Age over 40 years is a risk factor for chronicity of symptoms. Encephalitis, Guillain-Barre sundrome and arthritis are rare complications of infection with Chikungya virus.","Senegal","SN","SEN","Africa","Sub-Saharan Africa","African Region","DON2931"
"301","2025SENA924","2025","Arthropod-borne viral fevers and viral haemorrhagic fevers","Other mosquito-borne viral fevers","Rift Valley fever","A92-A99","A92","A924","Rift Valley fever","A disease caused by an infection with Rift Valley fever virus. This disease is commonly asymptomatic. This disease may also present with fever, liver abnormalities, weakness, back pain, or dizziness. Transmission is through the bite of an infected mosquito. Confirmation is commonly by detection of Rift Valley fever virus specific IgM or IgG antibodies in a blood sample.","Senegal","SN","SEN","Africa","Sub-Saharan Africa","African Region","DON2932"
"302","2025SENJ090","2025","Influenza and pneumonia","Influenza due to identified zoonotic or pandemic influenza virus","Influenza due to identified zoonotic or pandemic influenza virus","J09-J18","J09","J090","Influenza due to identified zoonotic or pandemic influenza virus","Influenza, caused by influenza virus strains of special epidemiological importance with an animal-human or inter-human transmission.","Senegal","SN","SEN","Africa","Sub-Saharan Africa","African Region","DON2938"
"303","2025SENU071","2025","Provisional assignment of new diseases of uncertain etiology or emergency use","Emergency use of U07","COVID-19, virus identified","U00-U49","U07","U071","COVID-19","Infectious disease caused by the SARS-CoV-2 virus.","Senegal","SN","SEN","Africa","Sub-Saharan Africa","African Region","Coronavirus dashboard"
"304","2025SGPA920","2025","Arthropod-borne viral fevers and viral haemorrhagic fevers","Other mosquito-borne viral fevers","Chikungunya virus disease","A92-A99","A92","A920","Chikungunya mosquito-borne viral fever","Individuals are infected with the virus through a mosquito bite from Aedes mosquitos (Aedes albopictus and A. aegypti). Concomitant fever and arthalgia are a common specific sign although infection can present with non-specific symptoms that can be confused with Dengue including headache, rash and myalgia. Free virions are transported via the blood to the liver (hepatocyte apoptosis), muscle, joints and secondary lymphoid organs (adenopathy), wherein the virus replicates. Viral replication is associated with an infiltration of mononuclear cells including macrophages, which underlies the debilitating pain experienced in the muscles and joints, which can persist for months to years post infection. A small percentage of infected individuals remain asymptomatic, this is more common in patients under 25 years old. Age over 40 years is a risk factor for chronicity of symptoms. Encephalitis, Guillain-Barre sundrome and arthritis are rare complications of infection with Chikungya virus.","Singapore","SG","SGP","Asia","South-eastern Asia","Western Pacific Region","DON2931"
"305","2025SGPJ090","2025","Influenza and pneumonia","Influenza due to identified zoonotic or pandemic influenza virus","Influenza due to identified zoonotic or pandemic influenza virus","J09-J18","J09","J090","Influenza due to identified zoonotic or pandemic influenza virus","Influenza, caused by influenza virus strains of special epidemiological importance with an animal-human or inter-human transmission.","Singapore","SG","SGP","Asia","South-eastern Asia","Western Pacific Region","DON2938"
"306","2025SLBJ090","2025","Influenza and pneumonia","Influenza due to identified zoonotic or pandemic influenza virus","Influenza due to identified zoonotic or pandemic influenza virus","J09-J18","J09","J090","Influenza due to identified zoonotic or pandemic influenza virus","Influenza, caused by influenza virus strains of special epidemiological importance with an animal-human or inter-human transmission.","Solomon Islands","SB","SLB","Oceania","Melanesia","Western Pacific Region","DON2938"
"307","2025SLVU071","2025","Provisional assignment of new diseases of uncertain etiology or emergency use","Emergency use of U07","COVID-19, virus identified","U00-U49","U07","U071","COVID-19","Infectious disease caused by the SARS-CoV-2 virus.","El Salvador","SV","SLV","Americas","Latin America and the Caribbean","Region of the Americas","Coronavirus dashboard"
"308","2025SOMA000","2025","Intestinal infectious diseases","Cholera","Classical cholera","A00-A09","A00","A000","Cholera","Intestinal infection due to Vibrio cholerae","Somalia","SO","SOM","Africa","Sub-Saharan Africa","Eastern Mediterranean Region","DON2928"
"309","2025SOMA920","2025","Arthropod-borne viral fevers and viral haemorrhagic fevers","Other mosquito-borne viral fevers","Chikungunya virus disease","A92-A99","A92","A920","Chikungunya mosquito-borne viral fever","Individuals are infected with the virus through a mosquito bite from Aedes mosquitos (Aedes albopictus and A. aegypti). Concomitant fever and arthalgia are a common specific sign although infection can present with non-specific symptoms that can be confused with Dengue including headache, rash and myalgia. Free virions are transported via the blood to the liver (hepatocyte apoptosis), muscle, joints and secondary lymphoid organs (adenopathy), wherein the virus replicates. Viral replication is associated with an infiltration of mononuclear cells including macrophages, which underlies the debilitating pain experienced in the muscles and joints, which can persist for months to years post infection. A small percentage of infected individuals remain asymptomatic, this is more common in patients under 25 years old. Age over 40 years is a risk factor for chronicity of symptoms. Encephalitis, Guillain-Barre sundrome and arthritis are rare complications of infection with Chikungya virus.","Somalia","SO","SOM","Africa","Sub-Saharan Africa","Eastern Mediterranean Region","DON2931"
"310","2025SOMJ090","2025","Influenza and pneumonia","Influenza due to identified zoonotic or pandemic influenza virus","Influenza due to identified zoonotic or pandemic influenza virus","J09-J18","J09","J090","Influenza due to identified zoonotic or pandemic influenza virus","Influenza, caused by influenza virus strains of special epidemiological importance with an animal-human or inter-human transmission.","Somalia","SO","SOM","Africa","Sub-Saharan Africa","Eastern Mediterranean Region","DON2938"
"311","2025SRBJ090","2025","Influenza and pneumonia","Influenza due to identified zoonotic or pandemic influenza virus","Influenza due to identified zoonotic or pandemic influenza virus","J09-J18","J09","J090","Influenza due to identified zoonotic or pandemic influenza virus","Influenza, caused by influenza virus strains of special epidemiological importance with an animal-human or inter-human transmission.","Serbia","RS","SRB","Europe","Southern Europe","European Region","DON2938"
"312","2025SRBU071","2025","Provisional assignment of new diseases of uncertain etiology or emergency use","Emergency use of U07","COVID-19, virus identified","U00-U49","U07","U071","COVID-19","Infectious disease caused by the SARS-CoV-2 virus.","Serbia","RS","SRB","Europe","Southern Europe","European Region","Coronavirus dashboard"
"313","2025SSDA000","2025","Intestinal infectious diseases","Cholera","Classical cholera","A00-A09","A00","A000","Cholera","Intestinal infection due to Vibrio cholerae","South Sudan","SS","SSD","Africa","Sub-Saharan Africa","African Region","DON2928"
"314","2025SSDU071","2025","Provisional assignment of new diseases of uncertain etiology or emergency use","Emergency use of U07","COVID-19, virus identified","U00-U49","U07","U071","COVID-19","Infectious disease caused by the SARS-CoV-2 virus.","South Sudan","SS","SSD","Africa","Sub-Saharan Africa","African Region","Coronavirus dashboard"
"315","2025SURJ090","2025","Influenza and pneumonia","Influenza due to identified zoonotic or pandemic influenza virus","Influenza due to identified zoonotic or pandemic influenza virus","J09-J18","J09","J090","Influenza due to identified zoonotic or pandemic influenza virus","Influenza, caused by influenza virus strains of special epidemiological importance with an animal-human or inter-human transmission.","Suriname","SR","SUR","Americas","Latin America and the Caribbean","Region of the Americas","DON2938"
"316","2025SURU071","2025","Provisional assignment of new diseases of uncertain etiology or emergency use","Emergency use of U07","COVID-19, virus identified","U00-U49","U07","U071","COVID-19","Infectious disease caused by the SARS-CoV-2 virus.","Suriname","SR","SUR","Americas","Latin America and the Caribbean","Region of the Americas","Coronavirus dashboard"
"317","2025SVKJ090","2025","Influenza and pneumonia","Influenza due to identified zoonotic or pandemic influenza virus","Influenza due to identified zoonotic or pandemic influenza virus","J09-J18","J09","J090","Influenza due to identified zoonotic or pandemic influenza virus","Influenza, caused by influenza virus strains of special epidemiological importance with an animal-human or inter-human transmission.","Slovakia","SK","SVK","Europe","Eastern Europe","European Region","DON2938"
"318","2025SVKU071","2025","Provisional assignment of new diseases of uncertain etiology or emergency use","Emergency use of U07","COVID-19, virus identified","U00-U49","U07","U071","COVID-19","Infectious disease caused by the SARS-CoV-2 virus.","Slovakia","SK","SVK","Europe","Eastern Europe","European Region","Coronavirus dashboard"
"319","2025SVNJ090","2025","Influenza and pneumonia","Influenza due to identified zoonotic or pandemic influenza virus","Influenza due to identified zoonotic or pandemic influenza virus","J09-J18","J09","J090","Influenza due to identified zoonotic or pandemic influenza virus","Influenza, caused by influenza virus strains of special epidemiological importance with an animal-human or inter-human transmission.","Slovenia","SI","SVN","Europe","Southern Europe","European Region","DON2938"
"320","2025SVNU071","2025","Provisional assignment of new diseases of uncertain etiology or emergency use","Emergency use of U07","COVID-19, virus identified","U00-U49","U07","U071","COVID-19","Infectious disease caused by the SARS-CoV-2 virus.","Slovenia","SI","SVN","Europe","Southern Europe","European Region","Coronavirus dashboard"
"321","2025SWEU071","2025","Provisional assignment of new diseases of uncertain etiology or emergency use","Emergency use of U07","COVID-19, virus identified","U00-U49","U07","U071","COVID-19","Infectious disease caused by the SARS-CoV-2 virus.","Sweden","SE","SWE","Europe","Northern Europe","European Region","Coronavirus dashboard"
"322","2025TCAU071","2025","Provisional assignment of new diseases of uncertain etiology or emergency use","Emergency use of U07","COVID-19, virus identified","U00-U49","U07","U071","COVID-19","Infectious disease caused by the SARS-CoV-2 virus.","Turks and Caicos Islands","TC","TCA","Americas","Latin America and the Caribbean",NA,"Coronavirus dashboard"
"323","2025TCDA000","2025","Intestinal infectious diseases","Cholera","Classical cholera","A00-A09","A00","A000","Cholera","Intestinal infection due to Vibrio cholerae","Chad","TD","TCD","Africa","Sub-Saharan Africa","African Region","DON2928"
"324","2025TCDA369","2025","Other bacterial diseases","Diphtheria","Diphtheria, unspecified","A30-A49","A36","A369","Diphtheria, unspecified","A disease commonly of the respiratory system, caused by an infection of the gram-positive bacteria Corynebacterium diphtheriae. This disease is characterised by sore throat, fever, and a pseudomembrane on the tonsils, pharynx, or nasal cavity. Transmission is by inhalation of infected respiratory secretions, or direct cutaneous contact. Confirmation is by identification of Corynebacterium diphtheriae from a throat swab or infected tissue, and by clinical signs.","Chad","TD","TCD","Africa","Sub-Saharan Africa","African Region","DON2934"
"325","2025TGOA000","2025","Intestinal infectious diseases","Cholera","Classical cholera","A00-A09","A00","A000","Cholera","Intestinal infection due to Vibrio cholerae","Togo","TG","TGO","Africa","Sub-Saharan Africa","African Region","DON2928"
"326","2025TGOJ090","2025","Influenza and pneumonia","Influenza due to identified zoonotic or pandemic influenza virus","Influenza due to identified zoonotic or pandemic influenza virus","J09-J18","J09","J090","Influenza due to identified zoonotic or pandemic influenza virus","Influenza, caused by influenza virus strains of special epidemiological importance with an animal-human or inter-human transmission.","Togo","TG","TGO","Africa","Sub-Saharan Africa","African Region","DON2938"
"327","2025TGOU071","2025","Provisional assignment of new diseases of uncertain etiology or emergency use","Emergency use of U07","COVID-19, virus identified","U00-U49","U07","U071","COVID-19","Infectious disease caused by the SARS-CoV-2 virus.","Togo","TG","TGO","Africa","Sub-Saharan Africa","African Region","Coronavirus dashboard"
"328","2025THAA000","2025","Intestinal infectious diseases","Cholera","Classical cholera","A00-A09","A00","A000","Cholera","Intestinal infection due to Vibrio cholerae","Thailand","TH","THA","Asia","South-eastern Asia","South-East Asia Region","DON2928"
"329","2025THAA220","2025","Certain zoonotic bacterial diseases","Anthrax","Cutaneous anthrax","A20-A28","A22","A220","Cutaneous anthrax","A disease caused by an infection with the gram-positive bacteria Bacillus anthracis. This disease presents with clinical signs depending on the route of infection. Transmission is by inhalation, ingestion, or cutaneous contact with Bacillus anthracis spores. Confirmation is by identification of Bacillus anthracis in a sample, or detection of antibodies or toxins.","Thailand","TH","THA","Asia","South-eastern Asia","South-East Asia Region","DON2923"
"330","2025THAA920","2025","Arthropod-borne viral fevers and viral haemorrhagic fevers","Other mosquito-borne viral fevers","Chikungunya virus disease","A92-A99","A92","A920","Chikungunya mosquito-borne viral fever","Individuals are infected with the virus through a mosquito bite from Aedes mosquitos (Aedes albopictus and A. aegypti). Concomitant fever and arthalgia are a common specific sign although infection can present with non-specific symptoms that can be confused with Dengue including headache, rash and myalgia. Free virions are transported via the blood to the liver (hepatocyte apoptosis), muscle, joints and secondary lymphoid organs (adenopathy), wherein the virus replicates. Viral replication is associated with an infiltration of mononuclear cells including macrophages, which underlies the debilitating pain experienced in the muscles and joints, which can persist for months to years post infection. A small percentage of infected individuals remain asymptomatic, this is more common in patients under 25 years old. Age over 40 years is a risk factor for chronicity of symptoms. Encephalitis, Guillain-Barre sundrome and arthritis are rare complications of infection with Chikungya virus.","Thailand","TH","THA","Asia","South-eastern Asia","South-East Asia Region","DON2931"
"331","2025THAB04","2025","Viral infections characterized by skin and mucous membrane lesions","Monkeypox","Monkeypox","B00-B09","B04","B04","Monkeypox","A disease caused by an infection with monkeypox virus. In the first phase, this disease is characterised by lymphadenopathy, fever, headache, or malaise","Thailand","TH","THA","Asia","South-eastern Asia","South-East Asia Region","DON2936"
"332","2025THAJ090","2025","Influenza and pneumonia","Influenza due to identified zoonotic or pandemic influenza virus","Influenza due to identified zoonotic or pandemic influenza virus","J09-J18","J09","J090","Influenza due to identified zoonotic or pandemic influenza virus","Influenza, caused by influenza virus strains of special epidemiological importance with an animal-human or inter-human transmission.","Thailand","TH","THA","Asia","South-eastern Asia","South-East Asia Region","DON2938"
"333","2025THAU071","2025","Provisional assignment of new diseases of uncertain etiology or emergency use","Emergency use of U07","COVID-19, virus identified","U00-U49","U07","U071","COVID-19","Infectious disease caused by the SARS-CoV-2 virus.","Thailand","TH","THA","Asia","South-eastern Asia","South-East Asia Region","Coronavirus dashboard"
"334","2025TKLJ090","2025","Influenza and pneumonia","Influenza due to identified zoonotic or pandemic influenza virus","Influenza due to identified zoonotic or pandemic influenza virus","J09-J18","J09","J090","Influenza due to identified zoonotic or pandemic influenza virus","Influenza, caused by influenza virus strains of special epidemiological importance with an animal-human or inter-human transmission.","Tokelau","TK","TKL","Oceania","Polynesia",NA,"DON2938"
"335","2025TLSA829","2025","Viral infections of the central nervous system","Rabies","Rabies, unspecified","A80-A89","A82","A829","Rabies, unspecified","A disease caused by infection with the rabies virus. This disease is characterised by fever, and headache, followed by neurological symptoms dominated by a furious or paralytic form.","Timor-Leste","TL","TLS","Asia","South-eastern Asia","South-East Asia Region","DON2925"
"336","2025TONJ090","2025","Influenza and pneumonia","Influenza due to identified zoonotic or pandemic influenza virus","Influenza due to identified zoonotic or pandemic influenza virus","J09-J18","J09","J090","Influenza due to identified zoonotic or pandemic influenza virus","Influenza, caused by influenza virus strains of special epidemiological importance with an animal-human or inter-human transmission.","Tonga","TO","TON","Oceania","Polynesia","Western Pacific Region","DON2938"
"337","2025TTOA920","2025","Arthropod-borne viral fevers and viral haemorrhagic fevers","Other mosquito-borne viral fevers","Chikungunya virus disease","A92-A99","A92","A920","Chikungunya mosquito-borne viral fever","Individuals are infected with the virus through a mosquito bite from Aedes mosquitos (Aedes albopictus and A. aegypti). Concomitant fever and arthalgia are a common specific sign although infection can present with non-specific symptoms that can be confused with Dengue including headache, rash and myalgia. Free virions are transported via the blood to the liver (hepatocyte apoptosis), muscle, joints and secondary lymphoid organs (adenopathy), wherein the virus replicates. Viral replication is associated with an infiltration of mononuclear cells including macrophages, which underlies the debilitating pain experienced in the muscles and joints, which can persist for months to years post infection. A small percentage of infected individuals remain asymptomatic, this is more common in patients under 25 years old. Age over 40 years is a risk factor for chronicity of symptoms. Encephalitis, Guillain-Barre sundrome and arthritis are rare complications of infection with Chikungya virus.","Trinidad and Tobago","TT","TTO","Americas","Latin America and the Caribbean","Region of the Americas","DON2931"
"338","2025TURJ090","2025","Influenza and pneumonia","Influenza due to identified zoonotic or pandemic influenza virus","Influenza due to identified zoonotic or pandemic influenza virus","J09-J18","J09","J090","Influenza due to identified zoonotic or pandemic influenza virus","Influenza, caused by influenza virus strains of special epidemiological importance with an animal-human or inter-human transmission.","Turkey","TR","TUR","Asia","Western Asia","European Region","DON2938"
"339","2025TURU071","2025","Provisional assignment of new diseases of uncertain etiology or emergency use","Emergency use of U07","COVID-19, virus identified","U00-U49","U07","U071","COVID-19","Infectious disease caused by the SARS-CoV-2 virus.","Turkey","TR","TUR","Asia","Western Asia","European Region","Coronavirus dashboard"
"340","2025TUVJ090","2025","Influenza and pneumonia","Influenza due to identified zoonotic or pandemic influenza virus","Influenza due to identified zoonotic or pandemic influenza virus","J09-J18","J09","J090","Influenza due to identified zoonotic or pandemic influenza virus","Influenza, caused by influenza virus strains of special epidemiological importance with an animal-human or inter-human transmission.","Tuvalu","TV","TUV","Oceania","Polynesia","Western Pacific Region","DON2938"
"341","2025TZAA000","2025","Intestinal infectious diseases","Cholera","Classical cholera","A00-A09","A00","A000","Cholera","Intestinal infection due to Vibrio cholerae","Tanzania United Republic of","TZ","TZA","Africa","Sub-Saharan Africa","African Region","DON2928"
"342","2025TZAA983","2025","Arthropod-borne viral fevers and viral haemorrhagic fevers","Other viral haemorrhagic fevers, not elsewhere classified","Marburg virus disease","A92-A99","A98","A983","Marburg disease","A severe disease with high case fatality caused by infection with Marburg virus or a closely related virus. Marburg disease is typically characterised by acute onset of fever with non-specific symptoms/signs (e.g., abdominal pain, anorexia, fatigue, malaise, myalgia, sore throat) usually followed several days later by nausea, vomiting, diarrhoea, and occasionally a variable rash. Severe illness may include haemorrhagic manifestations (e.g., bleeding from puncture sites, ecchymoses, petechiae, visceral effusions), encephalopathy, shock/hypotension, multi-organ failure. Common laboratory findings include thrombocytopenia, elevated transaminase concentrations, electrolyte abnormalities, and signs of renal dysfunction. Individuals who recover may experience prolonged sequelae (e.g., arthralgia, neurocognitive dysfunction, uveitis), and clinical and subclinical persistent infection may occur in immune-privileged compartments (e.g., CNS, eyes, testes). Person-to-person transmission occurs by direct contact with blood, other bodily fluids, organs, or contaminated surfaces and materials with risk beginning at the onset of clinical signs and increasing with disease severity. Family members, sexual contacts, healthcare providers, and participants in burial ceremonies with direct contact with the deceased are at particular risk. The incubation period typically is 7–11 days (range ≈2–21 days).","Tanzania United Republic of","TZ","TZA","Africa","Sub-Saharan Africa","African Region","DON2909, DON2905, DON2901"
"343","2025TZAB04","2025","Viral infections characterized by skin and mucous membrane lesions","Monkeypox","Monkeypox","B00-B09","B04","B04","Monkeypox","A disease caused by an infection with monkeypox virus. In the first phase, this disease is characterised by lymphadenopathy, fever, headache, or malaise","Tanzania United Republic of","TZ","TZA","Africa","Sub-Saharan Africa","African Region","DON2936"
"344","2025TZAU071","2025","Provisional assignment of new diseases of uncertain etiology or emergency use","Emergency use of U07","COVID-19, virus identified","U00-U49","U07","U071","COVID-19","Infectious disease caused by the SARS-CoV-2 virus.","Tanzania United Republic of","TZ","TZA","Africa","Sub-Saharan Africa","African Region","Coronavirus dashboard"
"345","2025UGAA000","2025","Intestinal infectious diseases","Cholera","Classical cholera","A00-A09","A00","A000","Cholera","Intestinal infection due to Vibrio cholerae","Uganda","UG","UGA","Africa","Sub-Saharan Africa","African Region","DON2928"
"346","2025UGAA988","2025","Arthropod-borne viral fevers and viral haemorrhagic fevers","Other viral haemorrhagic fevers, not elsewhere classified","Other specified viral haemorrhagic fevers","A92-A99","A98","A988","Sudan virus disease","Ebola disease caused by Sudan virus.","Uganda","UG","UGA","Africa","Sub-Saharan Africa","African Region","DON2915, DON2908, DON2906, DON2904"
"347","2025UGAB04","2025","Viral infections characterized by skin and mucous membrane lesions","Monkeypox","Monkeypox","B00-B09","B04","B04","Monkeypox","A disease caused by an infection with monkeypox virus. In the first phase, this disease is characterised by lymphadenopathy, fever, headache, or malaise","Uganda","UG","UGA","Africa","Sub-Saharan Africa","African Region","DON2936"
"348","2025UGAU071","2025","Provisional assignment of new diseases of uncertain etiology or emergency use","Emergency use of U07","COVID-19, virus identified","U00-U49","U07","U071","COVID-19","Infectious disease caused by the SARS-CoV-2 virus.","Uganda","UG","UGA","Africa","Sub-Saharan Africa","African Region","Coronavirus dashboard"
"349","2025UKRJ090","2025","Influenza and pneumonia","Influenza due to identified zoonotic or pandemic influenza virus","Influenza due to identified zoonotic or pandemic influenza virus","J09-J18","J09","J090","Influenza due to identified zoonotic or pandemic influenza virus","Influenza, caused by influenza virus strains of special epidemiological importance with an animal-human or inter-human transmission.","Ukraine","UA","UKR","Europe","Eastern Europe","European Region","DON2938"
"350","2025UKRU071","2025","Provisional assignment of new diseases of uncertain etiology or emergency use","Emergency use of U07","COVID-19, virus identified","U00-U49","U07","U071","COVID-19","Infectious disease caused by the SARS-CoV-2 virus.","Ukraine","UA","UKR","Europe","Eastern Europe","European Region","Coronavirus dashboard"
"351","2025URYU071","2025","Provisional assignment of new diseases of uncertain etiology or emergency use","Emergency use of U07","COVID-19, virus identified","U00-U49","U07","U071","COVID-19","Infectious disease caused by the SARS-CoV-2 virus.","Uruguay","UY","URY","Americas","Latin America and the Caribbean","Region of the Americas","Coronavirus dashboard"
"352","2025USAA920","2025","Arthropod-borne viral fevers and viral haemorrhagic fevers","Other mosquito-borne viral fevers","Chikungunya virus disease","A92-A99","A92","A920","Chikungunya mosquito-borne viral fever","Individuals are infected with the virus through a mosquito bite from Aedes mosquitos (Aedes albopictus and A. aegypti). Concomitant fever and arthalgia are a common specific sign although infection can present with non-specific symptoms that can be confused with Dengue including headache, rash and myalgia. Free virions are transported via the blood to the liver (hepatocyte apoptosis), muscle, joints and secondary lymphoid organs (adenopathy), wherein the virus replicates. Viral replication is associated with an infiltration of mononuclear cells including macrophages, which underlies the debilitating pain experienced in the muscles and joints, which can persist for months to years post infection. A small percentage of infected individuals remain asymptomatic, this is more common in patients under 25 years old. Age over 40 years is a risk factor for chronicity of symptoms. Encephalitis, Guillain-Barre sundrome and arthritis are rare complications of infection with Chikungya virus.","United States of America","US","USA","Americas","Northern America","Region of the Americas","DON2931"
"353","2025USAB04","2025","Viral infections characterized by skin and mucous membrane lesions","Monkeypox","Monkeypox","B00-B09","B04","B04","Monkeypox","A disease caused by an infection with monkeypox virus. In the first phase, this disease is characterised by lymphadenopathy, fever, headache, or malaise","United States of America","US","USA","Americas","Northern America","Region of the Americas","DON2936"
"354","2025USAB05","2025","Viral infections characterized by skin and mucous membrane lesions","Measles","Measles","B00-B09","B05","B05","Measles","A disease of the respiratory system, caused by an infection with Morbillivirus. This disease is characterised by a blotchy rash, fever, cough, conjunctivitis, or malaise. This disease may also present with tiny white spots with bluish-white centres inside the mouth. Transmission is by inhalation of infected respiratory secretions, airborne transmission or direct contact. Confirmation is by detection of Morbillivirus RNA or measles-specific IgM antibodies.","United States of America","US","USA","Americas","Northern America","Region of the Americas","DON2916, DON2911"
"355","2025USAJ090","2025","Influenza and pneumonia","Influenza due to identified zoonotic or pandemic influenza virus","Influenza due to identified zoonotic or pandemic influenza virus","J09-J18","J09","J090","Influenza due to identified zoonotic or pandemic influenza virus","Influenza, caused by influenza virus strains of special epidemiological importance with an animal-human or inter-human transmission.","United States of America","US","USA","Americas","Northern America","Region of the Americas","DON2938, DON2937"
"356","2025UZBJ090","2025","Influenza and pneumonia","Influenza due to identified zoonotic or pandemic influenza virus","Influenza due to identified zoonotic or pandemic influenza virus","J09-J18","J09","J090","Influenza due to identified zoonotic or pandemic influenza virus","Influenza, caused by influenza virus strains of special epidemiological importance with an animal-human or inter-human transmission.","Uzbekistan","UZ","UZB","Asia","Central Asia","European Region","DON2938"
"357","2025UZBU071","2025","Provisional assignment of new diseases of uncertain etiology or emergency use","Emergency use of U07","COVID-19, virus identified","U00-U49","U07","U071","COVID-19","Infectious disease caused by the SARS-CoV-2 virus.","Uzbekistan","UZ","UZB","Asia","Central Asia","European Region","Coronavirus dashboard"
"358","2025VENU071","2025","Provisional assignment of new diseases of uncertain etiology or emergency use","Emergency use of U07","COVID-19, virus identified","U00-U49","U07","U071","COVID-19","Infectious disease caused by the SARS-CoV-2 virus.","Venezuela (Bolivarian Republic of)","VE","VEN","Americas","Latin America and the Caribbean","Region of the Americas","Coronavirus dashboard"
"359","2025VGBU071","2025","Provisional assignment of new diseases of uncertain etiology or emergency use","Emergency use of U07","COVID-19, virus identified","U00-U49","U07","U071","COVID-19","Infectious disease caused by the SARS-CoV-2 virus.","Virgin Islands (British)","VG","VGB","Americas","Latin America and the Caribbean",NA,"Coronavirus dashboard"
"360","2025VNMJ090","2025","Influenza and pneumonia","Influenza due to identified zoonotic or pandemic influenza virus","Influenza due to identified zoonotic or pandemic influenza virus","J09-J18","J09","J090","Influenza due to identified zoonotic or pandemic influenza virus","Influenza, caused by influenza virus strains of special epidemiological importance with an animal-human or inter-human transmission.","Viet Nam","VN","VNM","Asia","South-eastern Asia","Western Pacific Region","DON2938"
"361","2025VUTJ090","2025","Influenza and pneumonia","Influenza due to identified zoonotic or pandemic influenza virus","Influenza due to identified zoonotic or pandemic influenza virus","J09-J18","J09","J090","Influenza due to identified zoonotic or pandemic influenza virus","Influenza, caused by influenza virus strains of special epidemiological importance with an animal-human or inter-human transmission.","Vanuatu","VU","VUT","Oceania","Melanesia","Western Pacific Region","DON2938"
"362","2025WLFJ090","2025","Influenza and pneumonia","Influenza due to identified zoonotic or pandemic influenza virus","Influenza due to identified zoonotic or pandemic influenza virus","J09-J18","J09","J090","Influenza due to identified zoonotic or pandemic influenza virus","Influenza, caused by influenza virus strains of special epidemiological importance with an animal-human or inter-human transmission.","Wallis and Futuna","WF","WLF","Oceania","Polynesia",NA,"DON2938"
"363","2025WSMJ090","2025","Influenza and pneumonia","Influenza due to identified zoonotic or pandemic influenza virus","Influenza due to identified zoonotic or pandemic influenza virus","J09-J18","J09","J090","Influenza due to identified zoonotic or pandemic influenza virus","Influenza, caused by influenza virus strains of special epidemiological importance with an animal-human or inter-human transmission.","Samoa","WS","WSM","Oceania","Polynesia","Western Pacific Region","DON2938"
"364","2025XXKJ090","2025","Influenza and pneumonia","Influenza due to identified zoonotic or pandemic influenza virus","Influenza due to identified zoonotic or pandemic influenza virus","J09-J18","J09","J090","Influenza due to identified zoonotic or pandemic influenza virus","Influenza, caused by influenza virus strains of special epidemiological importance with an animal-human or inter-human transmission.","Kosovo","XK","XXK","Europe","Southern Europe",NA,"DON2938"
"365","2025YEMA000","2025","Intestinal infectious diseases","Cholera","Classical cholera","A00-A09","A00","A000","Cholera","Intestinal infection due to Vibrio cholerae","Yemen","YE","YEM","Asia","Western Asia","Eastern Mediterranean Region","DON2928"
"366","2025YEMJ090","2025","Influenza and pneumonia","Influenza due to identified zoonotic or pandemic influenza virus","Influenza due to identified zoonotic or pandemic influenza virus","J09-J18","J09","J090","Influenza due to identified zoonotic or pandemic influenza virus","Influenza, caused by influenza virus strains of special epidemiological importance with an animal-human or inter-human transmission.","Yemen","YE","YEM","Asia","Western Asia","Eastern Mediterranean Region","DON2938"
"367","2025ZAFA369","2025","Other bacterial diseases","Diphtheria","Diphtheria, unspecified","A30-A49","A36","A369","Diphtheria, unspecified","A disease commonly of the respiratory system, caused by an infection of the gram-positive bacteria Corynebacterium diphtheriae. This disease is characterised by sore throat, fever, and a pseudomembrane on the tonsils, pharynx, or nasal cavity. Transmission is by inhalation of infected respiratory secretions, or direct cutaneous contact. Confirmation is by identification of Corynebacterium diphtheriae from a throat swab or infected tissue, and by clinical signs.","South Africa","ZA","ZAF","Africa","Sub-Saharan Africa","African Region","DON2934"
"368","2025ZAFB04","2025","Viral infections characterized by skin and mucous membrane lesions","Monkeypox","Monkeypox","B00-B09","B04","B04","Monkeypox","A disease caused by an infection with monkeypox virus. In the first phase, this disease is characterised by lymphadenopathy, fever, headache, or malaise","South Africa","ZA","ZAF","Africa","Sub-Saharan Africa","African Region","DON2936"
"369","2025ZAFJ090","2025","Influenza and pneumonia","Influenza due to identified zoonotic or pandemic influenza virus","Influenza due to identified zoonotic or pandemic influenza virus","J09-J18","J09","J090","Influenza due to identified zoonotic or pandemic influenza virus","Influenza, caused by influenza virus strains of special epidemiological importance with an animal-human or inter-human transmission.","South Africa","ZA","ZAF","Africa","Sub-Saharan Africa","African Region","DON2938"
"370","2025ZAFU071","2025","Provisional assignment of new diseases of uncertain etiology or emergency use","Emergency use of U07","COVID-19, virus identified","U00-U49","U07","U071","COVID-19","Infectious disease caused by the SARS-CoV-2 virus.","South Africa","ZA","ZAF","Africa","Sub-Saharan Africa","African Region","Coronavirus dashboard"
"371","2025ZMBA000","2025","Intestinal infectious diseases","Cholera","Classical cholera","A00-A09","A00","A000","Cholera","Intestinal infection due to Vibrio cholerae","Zambia","ZM","ZMB","Africa","Sub-Saharan Africa","African Region","DON2928"
"372","2025ZMBB04","2025","Viral infections characterized by skin and mucous membrane lesions","Monkeypox","Monkeypox","B00-B09","B04","B04","Monkeypox","A disease caused by an infection with monkeypox virus. In the first phase, this disease is characterised by lymphadenopathy, fever, headache, or malaise","Zambia","ZM","ZMB","Africa","Sub-Saharan Africa","African Region","DON2936"
"373","2025ZMBJ090","2025","Influenza and pneumonia","Influenza due to identified zoonotic or pandemic influenza virus","Influenza due to identified zoonotic or pandemic influenza virus","J09-J18","J09","J090","Influenza due to identified zoonotic or pandemic influenza virus","Influenza, caused by influenza virus strains of special epidemiological importance with an animal-human or inter-human transmission.","Zambia","ZM","ZMB","Africa","Sub-Saharan Africa","African Region","DON2938"
"374","2025ZWEA000","2025","Intestinal infectious diseases","Cholera","Classical cholera","A00-A09","A00","A000","Cholera","Intestinal infection due to Vibrio cholerae","Zimbabwe","ZW","ZWE","Africa","Sub-Saharan Africa","African Region","DON2928"
"375","2025ZWEU071","2025","Provisional assignment of new diseases of uncertain etiology or emergency use","Emergency use of U07","COVID-19, virus identified","U00-U49","U07","U071","COVID-19","Infectious disease caused by the SARS-CoV-2 virus.","Zimbabwe","ZW","ZWE","Africa","Sub-Saharan Africa","African Region","Coronavirus dashboard"
